frame_index,var_of_laplacian
0,251.268
1,233.017
2,282.753
3,355.777
4,392.340
5,437.669
6,608.207
7,596.558
8,590.421
9,628.647
10,625.944
11,650.715
12,644.832
13,653.777
14,679.924
15,685.375
16,682.171
17,696.466
18,687.123
19,656.896
20,656.994
21,645.903
22,656.540
23,640.257
24,623.725
25,617.170
26,616.874
27,571.158
28,623.351
29,582.545
30,553.351
31,513.410
32,517.444
33,476.113
34,273.054
35,303.781
36,239.239
37,249.285
38,269.459
39,163.768
40,199.963
41,160.484
42,148.606
43,231.284
44,178.975
45,190.412
46,177.590
47,194.511
48,207.442
49,200.973
50,221.952
51,198.049
52,229.660
53,227.528
54,218.088
55,211.121
56,228.059
57,178.294
58,276.977
59,256.268
60,259.498
61,200.681
62,243.340
63,374.208
64,374.066
65,400.394
66,330.625
67,231.203
68,386.154
69,251.622
70,287.660
71,282.625
72,321.745
73,370.366
74,225.388
75,281.168
76,431.226
77,376.113
78,331.142
79,319.102
80,386.863
81,213.111
82,191.482
83,255.471
84,180.151
85,171.582
86,344.015
87,291.477
88,244.286
89,313.943
90,325.199
91,388.454
92,398.501
93,431.718
94,424.596
95,399.059
96,375.808
97,350.473
98,397.343
99,358.648
100,383.220
101,344.802
102,251.016
103,245.503
104,272.409
105,243.412
106,266.658
107,298.619
108,307.911
109,352.927
110,346.931
111,351.282
112,382.632
113,313.880
114,318.409
115,388.534
116,340.565
117,324.997
118,304.460
119,283.394
120,263.648
121,233.680
122,160.925
123,330.951
124,231.753
125,208.697
126,294.243
127,283.775
128,330.970
129,343.829
130,353.113
131,341.023
132,341.065
133,305.824
134,254.000
135,287.287
136,278.467
137,212.492
138,246.805
139,246.291
140,244.895
141,207.424
142,177.621
143,214.655
144,219.800
145,209.502
146,188.582
147,208.460
148,198.788
149,216.929
150,220.179
151,233.431
152,229.205
153,217.556
154,269.391
155,255.136
156,197.158
157,196.397
158,266.479
159,249.230
160,252.204
161,243.918
162,206.826
163,207.208
164,185.715
165,182.097
166,202.458
167,203.828
168,213.725
169,191.562
170,195.274
171,133.919
172,129.946
173,125.457
174,60.513
175,64.663
176,42.370
177,39.329
178,36.147
179,37.884
180,39.901
181,37.793
182,37.687
183,36.839
184,71.380
185,55.800
186,55.708
187,59.807
188,79.024
189,92.189
190,96.320
191,101.395
192,88.702
193,78.011
194,37.112
195,36.408
196,54.968
197,43.886
198,43.737
199,38.016
200,45.968
201,52.550
202,103.018
203,104.730
204,37.326
205,146.300
206,54.461
207,79.810
208,109.008
209,150.132
210,181.364
211,169.584
212,117.089
213,99.503
214,152.744
215,65.877
216,92.995
217,118.740
218,134.048
219,123.490
220,28.758
221,32.325
222,58.526
223,67.500
224,40.351
225,33.191
226,39.956
227,32.039
228,30.736
229,30.438
230,32.192
231,46.834
232,52.896
233,53.773
234,68.561
235,65.040
236,58.654
237,90.494
238,53.686
239,40.290
240,74.088
241,40.028
242,31.649
243,93.006
244,47.812
245,63.921
246,163.514
247,77.807
248,157.168
249,74.270
250,95.689
251,85.574
252,101.720
253,99.625
254,76.210
255,73.036
256,65.356
257,42.013
258,38.542
259,61.221
260,71.782
261,88.221
262,103.064
263,111.100
264,92.602
265,101.485
266,64.157
267,52.011
268,56.595
269,51.788
270,69.486
271,74.241
272,100.797
273,73.587
274,74.221
275,77.424
276,95.332
277,108.822
278,212.887
279,227.437
280,251.160
281,260.870
282,248.885
283,261.771
284,105.606
285,238.633
286,300.017
287,336.849
288,150.696
289,136.847
290,176.821
291,178.391
292,148.824
293,159.954
294,64.556
295,130.382
296,164.640
297,133.089
298,181.136
299,205.124
300,119.798
301,197.904
302,182.182
303,269.292
304,289.122
305,266.365
306,231.680
307,253.742
308,256.085
309,179.248
310,249.403
311,270.034
312,280.734
313,257.497
314,255.529
315,248.785
316,242.717
317,169.103
318,213.260
319,110.432
320,162.230
321,155.319
322,137.719
323,140.556
324,159.208
325,160.645
326,185.432
327,211.538
328,250.853
329,280.858
330,252.344
331,174.173
332,175.179
333,240.008
334,259.851
335,300.922
336,327.598
337,301.702
338,307.315
339,311.129
340,341.172
341,377.574
342,371.590
343,399.196
344,417.647
345,342.257
346,321.748
347,332.834
348,316.298
349,312.351
350,359.449
351,374.540
352,440.746
353,468.074
354,530.600
355,557.215
356,313.058
357,314.713
358,338.566
359,311.117
360,323.850
361,327.503
362,312.764
363,276.370
364,204.110
365,106.449
366,98.309
367,114.523
368,177.644
369,173.652
370,165.906
371,165.155
372,170.563
373,166.862
374,147.728
375,182.916
376,159.177
377,223.278
378,230.584
379,257.131
380,285.890
381,293.308
382,303.564
383,240.477
384,259.347
385,364.861
386,317.616
387,277.394
388,306.789
389,322.067
390,209.268
391,190.775
392,258.754
393,206.403
394,218.043
395,221.826
396,188.115
397,217.120
398,211.653
399,204.190
400,177.671
401,185.914
402,176.634
403,164.542
404,171.524
405,158.299
406,150.755
407,144.581
408,144.598
409,168.817
410,181.466
411,181.675
412,140.903
413,134.977
414,122.391
415,105.276
416,122.833
417,124.333
418,126.127
419,137.226
420,136.561
421,137.397
422,146.030
423,147.054
424,161.719
425,185.078
426,190.094
427,177.398
428,194.765
429,171.341
430,160.933
431,134.711
432,161.980
433,173.569
434,186.306
435,191.022
436,198.540
437,205.045
438,231.841
439,221.426
440,215.175
441,234.992
442,211.219
443,213.312
444,217.402
445,184.411
446,161.411
447,136.301
448,116.554
449,176.149
450,189.029
451,132.822
452,146.192
453,147.736
454,147.286
455,149.457
456,111.942
457,108.147
458,99.298
459,93.323
460,93.376
461,95.336
462,96.038
463,114.120
464,116.335
465,97.519
466,123.544
467,112.495
468,114.389
469,121.618
470,122.840
471,130.871
472,128.772
473,98.978
474,117.024
475,145.851
476,191.405
477,152.363
478,130.779
479,104.222
480,149.451
481,223.095
482,214.443
483,234.097
484,278.822
485,312.676
486,270.645
487,234.169
488,197.154
489,79.727
490,76.539
491,72.881
492,59.751
493,80.535
494,96.441
495,110.454
496,133.592
497,138.521
498,110.020
499,97.198
500,103.618
501,107.160
502,133.361
503,112.254
504,135.543
505,97.562
506,87.978
507,155.764
508,195.940
509,115.666
510,101.856
511,120.889
512,199.517
513,120.219
514,139.895
515,148.266
516,136.058
517,160.314
518,182.228
519,173.533
520,186.192
521,178.786
522,192.832
523,208.461
524,175.713
525,165.147
526,149.362
527,67.326
528,67.817
529,67.032
530,65.722
531,61.455
532,65.712
533,71.248
534,78.778
535,121.543
536,178.784
537,233.443
538,274.999
539,323.874
540,319.022
541,328.018
542,313.831
543,323.823
544,285.781
545,278.249
546,162.367
547,184.093
548,188.409
549,199.502
550,216.142
551,216.157
552,227.814
553,212.158
554,216.277
555,224.362
556,240.035
557,234.135
558,249.260
559,265.815
560,251.255
561,247.211
562,267.912
563,270.332
564,268.988
565,273.690
566,279.001
567,286.048
568,261.281
569,244.043
570,258.803
571,254.590
572,261.419
573,269.993
574,269.491
575,268.124
576,281.064
577,273.613
578,278.413
579,300.444
580,290.005
581,252.189
582,279.167
583,234.043
584,228.146
585,237.639
586,209.091
587,202.556
588,197.651
589,172.781
590,173.652
591,172.106
592,154.993
593,143.654
594,173.470
595,141.253
596,139.576
597,158.720
598,143.200
599,146.242
600,153.795
601,166.445
602,149.897
603,166.578
604,174.888
605,174.811
606,180.585
607,192.767
608,203.242
609,218.301
610,220.592
611,217.701
612,246.873
613,288.325
614,151.251
615,187.514
616,252.763
617,177.540
618,128.104
619,218.736
620,204.638
621,237.749
622,201.197
623,230.908
624,253.700
625,246.156
626,265.821
627,277.920
628,217.123
629,269.316
630,247.205
631,116.423
632,203.004
633,210.640
634,147.164
635,82.818
636,171.206
637,143.306
638,232.649
639,269.994
640,277.153
641,281.601
642,283.219
643,293.765
644,317.184
645,320.428
646,330.258
647,326.159
648,223.847
649,235.680
650,244.095
651,235.871
652,223.093
653,239.187
654,243.386
655,247.013
656,254.215
657,217.315
658,161.198
659,120.160
660,44.186
661,44.610
662,66.020
663,57.727
664,48.847
665,70.435
666,79.360
667,87.353
668,107.849
669,137.647
670,118.612
671,95.607
672,84.116
673,78.277
674,86.985
675,81.429
676,56.137
677,37.767
678,65.435
679,52.992
680,81.399
681,101.250
682,59.534
683,39.621
684,36.956
685,30.513
686,32.149
687,34.365
688,40.395
689,51.694
690,55.329
691,56.992
692,53.490
693,50.918
694,36.862
695,32.096
696,34.451
697,39.013
698,44.618
699,39.745
700,44.917
701,48.032
702,50.367
703,47.729
704,49.309
705,47.021
706,47.676
707,36.146
708,32.767
709,31.608
710,34.538
711,33.912
712,37.016
713,39.006
714,41.964
715,43.589
716,46.995
717,52.146
718,55.093
719,52.505
720,51.037
721,52.639
722,55.000
723,57.938
724,58.596
725,61.414
726,72.260
727,78.786
728,90.186
729,99.049
730,61.190
731,86.402
732,87.947
733,100.639
734,54.755
735,62.767
736,66.722
737,71.237
738,79.064
739,77.495
740,67.720
741,74.703
742,79.027
743,76.922
744,78.965
745,89.333
746,92.918
747,94.335
748,88.516
749,89.628
750,91.711
751,98.958
752,110.961
753,85.746
754,114.011
755,63.684
756,64.223
757,81.567
758,121.059
759,148.137
760,155.503
761,142.181
762,146.320
763,127.957
764,114.110
765,109.959
766,94.618
767,81.686
768,117.748
769,178.136
770,179.045
771,210.800
772,246.326
773,257.230
774,272.880
775,250.838
776,63.295
777,69.449
778,134.820
779,87.045
780,61.358
781,65.072
782,45.288
783,59.228
784,31.969
785,42.918
786,88.775
787,116.074
788,131.503
789,141.667
790,154.464
791,147.613
792,110.132
793,52.996
794,52.196
795,40.910
796,29.745
797,31.040
798,33.733
799,40.709
800,38.872
801,45.889
802,59.278
803,55.640
804,72.302
805,83.907
806,102.378
807,62.481
808,118.311
809,130.251
810,126.271
811,90.144
812,119.032
813,164.165
814,171.340
815,171.075
816,171.780
817,173.259
818,173.979
819,172.042
820,169.030
821,173.478
822,174.017
823,181.771
824,182.312
825,177.146
826,175.943
827,165.024
828,163.308
829,155.248
830,145.097
831,141.078
832,134.713
833,109.047
834,106.229
835,107.157
836,103.311
837,95.082
838,82.964
839,77.928
840,77.271
841,75.387
842,75.336
843,67.659
844,64.228
845,39.824
846,32.926
847,33.403
848,33.202
849,23.989
850,23.495
851,25.427
852,33.135
853,43.471
854,47.770
855,46.767
856,48.653
857,43.874
858,47.481
859,49.984
860,52.438
861,56.269
862,63.054
863,76.308
864,81.315
865,89.964
866,92.857
867,97.786
868,100.619
869,102.059
870,118.765
871,116.891
872,67.223
873,89.792
874,87.653
875,87.042
876,107.211
877,117.527
878,125.734
879,133.605
880,124.800
881,108.144
882,159.858
883,167.524
884,176.088
885,176.864
886,158.817
887,155.001
888,130.112
889,121.148
890,111.446
891,101.031
892,73.789
893,88.879
894,150.568
895,104.704
896,142.390
897,48.748
898,56.636
899,119.832
900,163.955
901,98.820
902,146.644
903,161.129
904,188.355
905,190.363
906,175.801
907,220.233
908,231.090
909,235.623
910,251.006
911,252.139
912,253.285
913,259.422
914,264.264
915,268.828
916,265.881
917,239.108
918,149.854
919,151.084
920,139.216
921,150.873
922,188.016
923,204.373
924,182.168
925,186.524
926,194.376
927,182.714
928,158.646
929,150.062
930,121.712
931,164.333
932,156.272
933,159.504
934,161.678
935,159.665
936,140.132
937,124.676
938,114.036
939,108.754
940,114.406
941,116.500
942,104.329
943,113.595
944,90.652
945,131.015
946,146.090
947,142.780
948,137.143
949,147.973
950,177.614
951,187.156
952,152.122
953,171.915
954,187.206
955,190.489
956,190.434
957,164.817
958,172.802
959,177.439
960,202.370
961,193.165
962,183.626
963,189.788
964,170.250
965,152.375
966,149.784
967,123.851
968,119.570
969,106.677
970,91.300
971,81.106
972,82.230
973,81.565
974,70.454
975,71.907
976,72.215
977,70.586
978,74.596
979,68.379
980,71.654
981,79.893
982,85.480
983,82.812
984,77.096
985,76.943
986,75.640
987,74.015
988,66.027
989,61.696
990,57.900
991,57.202
992,61.701
993,70.842
994,70.279
995,40.235
996,68.198
997,56.524
998,46.012
999,58.985
1000,59.289
1001,34.617
1002,60.149
1003,46.822
1004,49.137
1005,50.750
1006,62.215
1007,70.334
1008,99.782
1009,73.456
1010,65.405
1011,67.988
1012,86.400
1013,80.036
1014,89.579
1015,88.470
1016,78.452
1017,85.502
1018,88.362
1019,60.710
1020,61.056
1021,51.347
1022,69.300
1023,77.152
1024,77.562
1025,81.386
1026,135.144
1027,220.853
1028,358.145
1029,424.709
1030,280.556
1031,224.875
1032,153.430
1033,37.462
1034,47.702
1035,54.853
1036,33.187
1037,45.567
1038,36.657
1039,39.567
1040,40.301
1041,40.122
1042,45.180
1043,61.609
1044,73.917
1045,84.283
1046,92.680
1047,82.940
1048,53.074
1049,48.374
1050,79.595
1051,92.460
1052,87.227
1053,99.622
1054,110.475
1055,111.427
1056,112.929
1057,115.338
1058,111.906
1059,119.945
1060,116.204
1061,115.342
1062,117.802
1063,112.001
1064,115.350
1065,116.876
1066,118.483
1067,121.239
1068,124.634
1069,125.628
1070,140.162
1071,149.067
1072,126.908
1073,144.811
1074,161.240
1075,144.996
1076,148.792
1077,145.469
1078,134.189
1079,111.530
1080,107.261
1081,109.301
1082,103.047
1083,103.502
1084,95.471
1085,88.248
1086,88.904
1087,84.390
1088,89.754
1089,83.682
1090,75.318
1091,78.564
1092,72.528
1093,72.202
1094,77.645
1095,76.593
1096,73.351
1097,91.861
1098,86.561
1099,90.312
1100,115.365
1101,129.124
1102,138.894
1103,142.080
1104,151.022
1105,146.800
1106,125.745
1107,129.364
1108,137.733
1109,125.934
1110,119.866
1111,120.759
1112,122.485
1113,122.342
1114,129.657
1115,132.320
1116,134.391
1117,132.590
1118,139.451
1119,110.945
1120,103.831
1121,85.590
1122,69.359
1123,67.855
1124,58.086
1125,56.802
1126,42.223
1127,30.078
1128,30.104
1129,28.980
1130,28.097
1131,25.416
1132,23.027
1133,24.332
1134,23.470
1135,28.296
1136,29.370
1137,29.778
1138,27.938
1139,28.358
1140,30.817
1141,28.372
1142,31.938
1143,37.802
1144,42.573
1145,40.810
1146,68.326
1147,65.417
1148,61.402
1149,58.767
1150,38.525
1151,47.749
1152,26.765
1153,33.257
1154,54.065
1155,55.790
1156,52.710
1157,56.882
1158,63.771
1159,71.279
1160,66.182
1161,70.387
1162,74.254
1163,77.069
1164,75.396
1165,84.840
1166,93.775
1167,74.708
1168,84.062
1169,83.381
1170,72.496
1171,85.081
1172,154.702
1173,111.717
1174,140.154
1175,147.239
1176,173.608
1177,167.847
1178,221.174
1179,238.803
1180,275.091
1181,280.401
1182,291.711
1183,280.403
1184,253.047
1185,219.697
1186,220.016
1187,202.265
1188,202.303
1189,218.451
1190,219.100
1191,228.080
1192,241.958
1193,232.643
1194,253.432
1195,266.508
1196,264.500
1197,235.985
1198,233.569
1199,221.846
1200,190.664
1201,99.303
1202,130.871
1203,114.310
1204,56.607
1205,53.298
1206,60.608
1207,63.473
1208,60.260
1209,84.740
1210,126.327
1211,98.860
1212,68.218
1213,81.280
1214,61.530
1215,60.871
1216,58.994
1217,70.204
1218,81.061
1219,96.653
1220,123.206
1221,193.562
1222,221.207
1223,257.130
1224,293.014
1225,310.088
1226,342.589
1227,360.355
1228,363.629
1229,358.178
1230,338.590
1231,322.318
1232,240.255
1233,322.282
1234,303.424
1235,282.771
1236,270.831
1237,239.417
1238,203.175
1239,166.810
1240,109.742
1241,110.504
1242,126.126
1243,109.197
1244,99.233
1245,100.385
1246,95.874
1247,92.364
1248,92.634
1249,83.979
1250,81.178
1251,82.196
1252,76.396
1253,74.756
1254,79.311
1255,78.644
1256,80.866
1257,102.379
1258,128.664
1259,135.614
1260,132.125
1261,81.362
1262,66.509
1263,66.322
1264,68.914
1265,67.875
1266,80.911
1267,68.301
1268,43.208
1269,44.294
1270,46.064
1271,55.214
1272,52.920
1273,57.070
1274,63.824
1275,71.255
1276,75.382
1277,82.874
1278,84.115
1279,66.887
1280,63.664
1281,68.793
1282,74.380
1283,83.536
1284,76.518
1285,85.552
1286,81.732
1287,90.629
1288,74.102
1289,70.800
1290,62.869
1291,57.289
1292,53.502
1293,46.819
1294,42.176
1295,40.525
1296,44.370
1297,53.696
1298,63.656
1299,60.053
1300,55.915
1301,70.635
1302,78.423
1303,87.290
1304,100.254
1305,104.271
1306,128.725
1307,148.998
1308,142.984
1309,87.600
1310,87.209
1311,100.387
1312,121.569
1313,145.230
1314,161.490
1315,189.622
1316,174.082
1317,173.595
1318,170.541
1319,146.745
1320,129.415
1321,117.936
1322,127.346
1323,127.950
1324,135.118
1325,130.392
1326,134.153
1327,131.107
1328,128.791
1329,136.071
1330,139.467
1331,135.066
1332,139.065
1333,145.751
1334,151.935
1335,156.422
1336,164.691
1337,173.186
1338,184.377
1339,178.437
1340,180.159
1341,146.598
1342,106.503
1343,125.460
1344,168.119
1345,160.600
1346,168.299
1347,173.309
1348,153.054
1349,178.692
1350,179.271
1351,175.159
1352,174.967
1353,177.893
1354,172.659
1355,177.966
1356,179.254
1357,184.115
1358,188.204
1359,188.584
1360,166.339
1361,161.494
1362,145.054
1363,136.298
1364,125.983
1365,116.240
1366,91.476
1367,74.912
1368,73.164
1369,67.282
1370,69.634
1371,66.357
1372,53.555
1373,53.040
1374,48.334
1375,34.545
1376,46.859
1377,37.572
1378,40.080
1379,43.253
1380,45.880
1381,50.225
1382,59.850
1383,61.245
1384,67.021
1385,70.365
1386,60.262
1387,63.717
1388,66.003
1389,82.043
1390,87.103
1391,87.355
1392,82.684
1393,75.309
1394,48.868
1395,37.277
1396,45.724
1397,74.805
1398,111.187
1399,147.909
1400,149.291
1401,96.776
1402,61.111
1403,53.659
1404,47.216
1405,31.233
1406,31.156
1407,30.915
1408,26.849
1409,28.087
1410,31.885
1411,27.382
1412,27.195
1413,26.712
1414,29.357
1415,30.475
1416,32.534
1417,37.295
1418,48.561
1419,51.376
1420,54.778
1421,62.710
1422,43.433
1423,37.956
1424,31.571
1425,29.662
1426,30.431
1427,36.194
1428,34.958
1429,36.685
1430,41.238
1431,46.942
1432,46.502
1433,53.485
1434,59.677
1435,59.552
1436,69.079
1437,75.265
1438,82.510
1439,86.548
1440,89.656
1441,93.734
1442,96.166
1443,97.643
1444,111.668
1445,119.490
1446,141.439
1447,157.869
1448,199.043
1449,204.881
1450,193.942
1451,200.362
1452,156.022
1453,152.306
1454,149.835
1455,146.246
1456,127.014
1457,120.877
1458,127.733
1459,119.400
1460,125.414
1461,145.236
1462,154.076
1463,154.302
1464,165.644
1465,173.992
1466,183.383
1467,193.156
1468,204.182
1469,214.751
1470,231.206
1471,246.342
1472,244.638
1473,260.681
1474,281.164
1475,262.960
1476,242.675
1477,171.692
1478,132.377
1479,160.945
1480,120.070
1481,140.266
1482,133.108
1483,101.074
1484,88.394
1485,74.331
1486,70.246
1487,81.831
1488,154.198
1489,58.058
1490,66.648
1491,68.396
1492,81.565
1493,91.847
1494,98.258
1495,106.458
1496,115.998
1497,152.061
1498,169.087
1499,175.768
1500,178.501
1501,177.896
1502,200.581
1503,189.073
1504,192.979
1505,202.936
1506,188.705
1507,198.736
1508,161.712
1509,198.965
1510,193.973
1511,203.796
1512,210.431
1513,200.427
1514,204.220
1515,223.190
1516,200.725
1517,197.593
1518,187.650
1519,200.563
1520,162.966
1521,167.864
1522,190.761
1523,168.653
1524,157.069
1525,155.595
1526,186.416
1527,131.476
1528,99.732
1529,120.354
1530,109.705
1531,106.465
1532,105.877
1533,97.502
1534,76.557
1535,73.875
1536,57.374
1537,49.608
1538,40.940
1539,35.550
1540,30.648
1541,21.407
1542,27.108
1543,29.309
1544,19.023
1545,24.553
1546,24.803
1547,26.474
1548,27.191
1549,21.955
1550,22.580
1551,22.162
1552,18.901
1553,17.556
1554,15.674
1555,19.888
1556,21.066
1557,18.042
1558,19.991
1559,16.085
1560,17.494
1561,14.240
1562,15.791
1563,15.731
1564,15.826
1565,14.229
1566,12.935
1567,13.735
1568,15.321
1569,16.009
1570,20.409
1571,20.474
1572,21.327
1573,20.012
1574,19.879
1575,24.288
1576,21.448
1577,21.081
1578,21.568
1579,21.540
1580,19.453
1581,17.974
1582,18.902
1583,26.272
1584,28.358
1585,44.652
1586,60.823
1587,61.068
1588,47.834
1589,32.757
1590,13.616
1591,10.635
1592,10.490
1593,8.602
1594,6.421
1595,6.664
1596,7.993
1597,9.111
1598,7.842
1599,7.371
1600,8.917
1601,15.516
1602,12.935
1603,13.722
1604,10.496
1605,10.073
1606,7.521
1607,8.242
1608,7.901
1609,9.471
1610,9.291
1611,11.125
1612,14.436
1613,17.238
1614,21.992
1615,26.128
1616,32.057
1617,43.575
1618,55.772
1619,62.247
1620,66.459
1621,70.258
1622,74.735
1623,82.251
1624,106.130
1625,119.437
1626,100.832
1627,106.007
1628,113.823
1629,124.261
1630,129.345
1631,99.477
1632,60.384
1633,36.663
1634,65.488
1635,72.063
1636,67.916
1637,39.006
1638,90.709
1639,77.650
1640,72.448
1641,90.623
1642,81.162
1643,80.829
1644,101.325
1645,91.853
1646,86.378
1647,90.287
1648,83.721
1649,69.562
1650,62.298
1651,49.634
1652,45.543
1653,49.141
1654,53.041
1655,80.934
1656,88.764
1657,105.568
1658,93.593
1659,83.280
1660,80.561
1661,72.580
1662,53.214
1663,53.990
1664,62.471
1665,53.181
1666,49.277
1667,43.436
1668,35.248
1669,24.230
1670,24.820
1671,28.051
1672,25.244
1673,26.096
1674,26.856
1675,29.217
1676,30.852
1677,35.334
1678,33.122
1679,38.290
1680,41.521
1681,43.913
1682,46.460
1683,49.849
1684,52.396
1685,53.484
1686,61.712
1687,52.781
1688,59.913
1689,50.891
1690,52.614
1691,48.520
1692,45.971
1693,42.741
1694,42.705
1695,48.947
1696,49.707
1697,49.850
1698,53.260
1699,52.929
1700,53.873
1701,59.157
1702,64.202
1703,67.066
1704,69.279
1705,70.418
1706,73.431
1707,60.885
1708,76.211
1709,79.912
1710,79.100
1711,168.742
1712,109.198
1713,121.981
1714,114.974
1715,83.021
1716,80.688
1717,74.709
1718,76.274
1719,85.500
1720,112.763
1721,79.078
1722,79.973
1723,88.710
1724,114.676
1725,131.040
1726,111.157
1727,129.420
1728,105.303
1729,92.819
1730,76.258
1731,88.129
1732,86.578
1733,76.497
1734,105.923
1735,110.189
1736,89.790
1737,109.988
1738,80.558
1739,94.649
1740,85.050
1741,72.247
1742,75.321
1743,83.595
1744,75.772
1745,86.051
1746,82.878
1747,69.236
1748,66.240
1749,62.577
1750,63.085
1751,72.646
1752,86.622
1753,83.289
1754,85.223
1755,89.408
1756,104.265
1757,108.078
1758,119.800
1759,134.295
1760,137.626
1761,146.985
1762,154.704
1763,150.009
1764,160.517
1765,156.416
1766,165.336
1767,181.942
1768,182.019
1769,184.129
1770,194.707
1771,235.228
1772,254.130
1773,272.195
1774,234.243
1775,220.638
1776,148.963
1777,140.345
1778,139.900
1779,130.698
1780,128.632
1781,123.115
1782,115.356
1783,120.439
1784,123.998
1785,133.463
1786,135.812
1787,135.554
1788,143.018
1789,79.650
1790,75.638
1791,96.022
1792,142.912
1793,183.422
1794,145.080
1795,190.316
1796,199.183
1797,197.645
1798,105.309
1799,191.009
1800,72.066
1801,60.628
1802,113.951
1803,68.288
1804,51.410
1805,64.886
1806,54.725
1807,53.031
1808,63.663
1809,57.690
1810,47.060
1811,78.115
1812,54.312
1813,37.380
1814,47.949
1815,56.059
1816,59.445
1817,77.560
1818,98.718
1819,165.565
1820,94.878
1821,108.612
1822,120.724
1823,89.877
1824,113.103
1825,146.406
1826,209.181
1827,208.119
1828,214.146
1829,192.463
1830,185.142
1831,165.431
1832,156.502
1833,142.351
1834,130.654
1835,124.088
1836,110.309
1837,95.212
1838,87.702
1839,87.414
1840,81.852
1841,68.584
1842,63.078
1843,64.022
1844,55.482
1845,49.981
1846,54.536
1847,51.061
1848,59.389
1849,53.171
1850,56.932
1851,64.491
1852,60.953
1853,69.519
1854,73.531
1855,75.555
1856,81.653
1857,82.459
1858,87.743
1859,102.136
1860,91.768
1861,95.290
1862,108.533
1863,106.560
1864,122.574
1865,147.153
1866,129.770
1867,157.341
1868,155.692
1869,107.109
1870,107.597
1871,131.058
1872,130.690
1873,132.762
1874,79.227
1875,78.422
1876,87.763
1877,110.173
1878,85.210
1879,57.116
1880,51.935
1881,50.438
1882,45.807
1883,77.973
1884,82.928
1885,93.803
1886,86.736
1887,87.126
1888,56.769
1889,61.657
1890,95.869
1891,85.329
1892,61.044
1893,87.185
1894,100.527
1895,103.124
1896,115.085
1897,143.579
1898,170.431
1899,229.087
1900,267.505
1901,306.602
1902,365.931
1903,438.500
1904,482.234
1905,521.430
1906,533.239
1907,574.283
1908,599.978
1909,629.389
1910,584.269
1911,202.620
1912,285.534
1913,252.079
1914,227.573
1915,265.481
1916,272.441
1917,392.896
1918,589.100
1919,751.825
1920,929.647
1921,648.067
1922,942.948
1923,266.803
1924,429.213
1925,416.640
1926,552.860
1927,672.795
1928,693.871
1929,650.024
1930,715.624
1931,711.210
1932,711.986
1933,752.261
1934,679.350
1935,757.533
1936,711.881
1937,706.048
1938,703.296
1939,674.407
1940,614.445
1941,618.170
1942,593.685
1943,562.248
1944,537.798
1945,357.907
1946,410.463
1947,297.682
1948,264.573
1949,244.973
1950,217.966
1951,208.489
1952,229.788
1953,253.540
1954,316.336
1955,443.131
1956,531.587
1957,581.744
1958,567.292
1959,603.831
1960,554.110
1961,566.891
1962,585.567
1963,511.986
1964,423.145
1965,410.696
1966,400.349
1967,362.833
1968,293.315
1969,240.378
1970,208.209
1971,204.285
1972,202.600
1973,197.048
1974,208.382
1975,202.626
1976,205.905
1977,230.320
1978,214.118
1979,212.166
1980,212.923
1981,180.190
1982,163.340
1983,165.380
1984,166.535
1985,131.590
1986,156.523
1987,105.785
1988,94.652
1989,101.350
1990,99.684
1991,90.748
1992,90.914
1993,89.308
1994,85.665
1995,91.531
1996,97.088
1997,116.032
1998,166.057
1999,158.845
2000,146.179
2001,158.867
2002,135.279
2003,136.811
2004,149.642
2005,167.039
2006,179.685
2007,187.610
2008,150.018
2009,202.457
2010,195.126
2011,153.832
2012,206.462
2013,183.463
2014,187.430
2015,105.543
2016,107.006
2017,76.001
2018,74.493
2019,66.018
2020,59.558
2021,67.182
2022,64.889
2023,73.704
2024,86.498
2025,97.090
2026,95.338
2027,115.896
2028,122.997
2029,120.268
2030,121.982
2031,125.096
2032,119.661
2033,175.107
2034,177.834
2035,143.070
2036,110.382
2037,124.441
2038,103.020
2039,91.989
2040,95.097
2041,99.548
2042,110.257
2043,100.860
2044,103.596
2045,118.040
2046,115.156
2047,111.608
2048,125.112
2049,123.800
2050,121.531
2051,125.026
2052,134.991
2053,138.001
2054,150.787
2055,177.526
2056,207.555
2057,246.639
2058,298.045
2059,293.426
2060,254.502
2061,220.659
2062,181.766
2063,153.090
2064,129.531
2065,116.022
2066,119.844
2067,117.097
2068,129.715
2069,155.274
2070,184.597
2071,311.822
2072,388.983
2073,408.662
2074,511.420
2075,614.319
2076,670.201
2077,787.346
2078,797.705
2079,826.300
2080,760.240
2081,790.069
2082,696.417
2083,656.727
2084,551.161
2085,541.310
2086,475.086
2087,325.832
2088,475.421
2089,334.552
2090,393.804
2091,368.529
2092,505.309
2093,369.734
2094,433.096
2095,460.918
2096,524.918
2097,538.557
2098,554.301
2099,527.317
2100,545.268
2101,567.597
2102,481.279
2103,309.739
2104,401.456
2105,438.881
2106,287.788
2107,248.106
2108,216.568
2109,195.723
2110,171.687
2111,117.418
2112,110.303
2113,99.486
2114,93.711
2115,67.011
2116,70.662
2117,76.453
2118,98.337
2119,79.072
2120,79.107
2121,136.245
2122,152.083
2123,132.084
2124,127.804
2125,137.611
2126,147.147
2127,168.494
2128,175.875
2129,175.168
2130,160.415
2131,190.552
2132,164.413
2133,160.234
2134,193.925
2135,168.209
2136,145.667
2137,161.094
2138,171.142
2139,171.894
2140,159.331
2141,103.576
2142,168.920
2143,148.017
2144,184.767
2145,231.805
2146,281.708
2147,342.920
2148,352.079
2149,357.414
2150,484.068
2151,519.229
2152,590.621
2153,586.117
2154,537.841
2155,523.280
2156,522.536
2157,491.646
2158,479.910
2159,532.696
2160,339.282
2161,317.120
2162,253.823
2163,353.023
2164,304.160
2165,284.472
2166,488.811
2167,524.669
2168,521.722
2169,512.957
2170,541.001
2171,435.748
2172,375.124
2173,489.579
2174,553.671
2175,551.908
2176,606.595
2177,1283.235
2178,646.345
2179,613.384
2180,1220.381
2181,957.277
2182,556.773
2183,359.801
2184,558.963
2185,214.318
2186,211.405
2187,199.495
2188,157.617
2189,317.246
2190,925.421
2191,500.102
2192,300.901
2193,905.959
2194,1132.528
2195,1051.029
2196,600.589
2197,187.739
2198,165.647
2199,221.920
2200,268.102
2201,327.205
2202,85.238
2203,97.794
2204,114.897
2205,1032.514
2206,281.368
2207,107.972
2208,838.297
2209,1038.468
2210,889.388
2211,1128.738
2212,972.060
2213,1282.304
2214,1371.424
2215,1018.541
2216,882.211
2217,757.173
2218,730.284
2219,815.933
2220,868.884
2221,741.787
2222,702.465
2223,667.074
2224,574.560
2225,551.697
2226,484.912
2227,395.599
2228,549.479
2229,1159.538
2230,1095.939
2231,1170.574
2232,1116.634
2233,1101.317
2234,1141.433
2235,1140.507
2236,1171.995
2237,1238.904
2238,1181.254
2239,1237.145
2240,1061.423
2241,1013.423
2242,1053.426
2243,231.448
2244,178.160
2245,221.186
2246,146.702
2247,133.891
2248,137.676
2249,124.674
2250,120.597
2251,163.568
2252,219.000
2253,262.929
2254,257.489
2255,262.694
2256,237.129
2257,263.013
2258,235.171
2259,300.688
2260,297.527
2261,367.924
2262,407.667
2263,426.878
2264,370.295
2265,342.345
2266,342.814
2267,325.835
2268,310.155
2269,325.912
2270,424.138
2271,439.746
2272,766.301
2273,556.670
2274,633.589
2275,501.171
2276,482.631
2277,508.393
2278,429.098
2279,479.946
2280,448.463
2281,480.724
2282,491.857
2283,513.510
2284,473.059
2285,483.576
2286,684.488
2287,489.614
2288,604.930
2289,560.257
2290,658.832
2291,663.101
2292,679.005
2293,752.935
2294,783.790
2295,792.783
2296,790.469
2297,770.156
2298,808.105
2299,797.574
2300,757.735
2301,747.959
2302,682.409
2303,693.268
2304,640.634
2305,627.387
2306,580.308
2307,529.973
2308,544.719
2309,519.432
2310,491.843
2311,447.838
2312,483.304
2313,460.352
2314,474.419
2315,462.001
2316,473.394
2317,472.387
2318,484.676
2319,492.441
2320,491.936
2321,484.206
2322,471.321
2323,492.205
2324,485.169
2325,502.081
2326,530.219
2327,537.849
2328,551.218
2329,527.535
2330,516.446
2331,527.985
2332,530.529
2333,511.376
2334,548.034
2335,553.968
2336,570.782
2337,525.533
2338,513.500
2339,501.046
2340,463.347
2341,472.393
2342,443.551
2343,471.448
2344,414.192
2345,450.005
2346,458.243
2347,463.508
2348,530.086
2349,614.676
2350,622.093
2351,649.766
2352,562.242
2353,562.099
2354,500.574
2355,486.129
2356,417.377
2357,408.929
2358,437.545
2359,379.925
2360,363.579
2361,367.678
2362,322.558
2363,374.696
2364,338.607
2365,315.886
2366,376.877
2367,384.383
2368,314.582
2369,353.228
2370,272.880
2371,274.563
2372,274.462
2373,263.991
2374,256.166
2375,261.633
2376,241.720
2377,237.371
2378,247.781
2379,239.810
2380,234.469
2381,241.881
2382,236.298
2383,250.048
2384,229.801
2385,228.038
2386,239.514
2387,246.086
2388,256.182
2389,276.282
2390,245.865
2391,253.421
2392,239.571
2393,296.679
2394,251.118
2395,283.176
2396,266.194
2397,237.190
2398,272.342
2399,257.665
2400,255.514
2401,271.394
2402,270.878
2403,286.611
2404,297.719
2405,310.311
2406,328.916
2407,348.755
2408,351.040
2409,352.363
2410,351.772
2411,389.665
2412,369.897
2413,383.904
2414,390.346
2415,416.600
2416,419.913
2417,430.104
2418,435.774
2419,439.916
2420,449.065
2421,452.155
2422,455.699
2423,475.081
2424,473.175
2425,500.040
2426,486.206
2427,498.613
2428,511.413
2429,514.741
2430,527.077
2431,538.771
2432,542.277
2433,541.882
2434,533.707
2435,539.260
2436,533.282
2437,531.968
2438,524.586
2439,518.865
2440,502.294
2441,490.891
2442,459.225
2443,454.483
2444,430.838
2445,421.114
2446,411.227
2447,416.059
2448,394.358
2449,386.534
2450,379.393
2451,375.554
2452,360.687
2453,324.651
2454,320.355
2455,299.953
2456,249.022
2457,252.891
2458,222.013
2459,258.740
2460,206.726
2461,228.902
2462,232.854
2463,207.125
2464,214.125
2465,198.696
2466,204.385
2467,195.275
2468,186.781
2469,196.909
2470,190.228
2471,191.121
2472,195.178
2473,190.426
2474,190.341
2475,180.201
2476,182.154
2477,179.461
2478,194.004
2479,167.232
2480,201.632
2481,172.154
2482,214.540
2483,210.646
2484,243.989
2485,262.074
2486,254.535
2487,262.917
2488,309.557
2489,343.585
2490,383.909
2491,397.811
2492,381.404
2493,514.085
2494,473.815
2495,487.722
2496,508.433
2497,293.943
2498,345.759
2499,268.971
2500,304.644
2501,284.475
2502,254.484
2503,295.643
2504,258.993
2505,244.533
2506,254.595
2507,246.922
2508,253.401
2509,235.481
2510,249.229
2511,229.749
2512,246.166
2513,214.128
2514,222.669
2515,173.340
2516,169.764
2517,131.922
2518,109.726
2519,103.464
2520,96.459
2521,92.601
2522,100.721
2523,115.230
2524,128.341
2525,144.092
2526,129.582
2527,128.658
2528,140.372
2529,142.410
2530,147.708
2531,153.518
2532,145.620
2533,130.286
2534,144.493
2535,117.476
2536,134.477
2537,133.862
2538,154.043
2539,121.508
2540,145.415
2541,132.746
2542,164.033
2543,171.136
2544,195.335
2545,239.528
2546,274.699
2547,246.846
2548,260.698
2549,257.473
2550,214.755
2551,219.479
2552,221.291
2553,240.176
2554,257.320
2555,294.767
2556,332.850
2557,372.903
2558,407.268
2559,379.813
2560,442.277
2561,439.662
2562,473.810
2563,462.672
2564,531.992
2565,556.903
2566,576.451
2567,556.374
2568,645.499
2569,629.633
2570,646.759
2571,649.211
2572,667.057
2573,665.945
2574,662.257
2575,697.766
2576,681.491
2577,733.973
2578,726.939
2579,846.771
2580,802.600
2581,841.734
2582,850.056
2583,858.183
2584,838.013
2585,828.354
2586,837.436
2587,822.166
2588,875.787
2589,869.783
2590,843.566
2591,900.865
2592,799.847
2593,830.130
2594,833.933
2595,763.302
2596,828.510
2597,772.316
2598,796.349
2599,792.110
2600,854.173
2601,808.656
2602,834.273
2603,872.467
2604,874.256
2605,884.897
2606,894.942
2607,875.351
2608,890.112
2609,927.165
2610,880.965
2611,857.179
2612,905.906
2613,831.735
2614,850.496
2615,799.300
2616,816.016
2617,779.598
2618,760.903
2619,807.070
2620,710.676
2621,726.788
2622,761.309
2623,722.938
2624,746.935
2625,683.738
2626,744.342
2627,681.797
2628,740.507
2629,706.006
2630,684.280
2631,685.172
2632,709.266
2633,721.651
2634,698.763
2635,705.406
2636,686.417
2637,678.564
2638,650.073
2639,696.716
2640,620.520
2641,651.221
2642,638.867
2643,604.844
2644,655.797
2645,598.622
2646,560.880
2647,628.022
2648,558.706
2649,555.783
2650,574.314
2651,545.549
2652,539.432
2653,536.457
2654,514.568
2655,509.813
2656,504.083
2657,500.408
2658,499.945
2659,496.335
2660,488.416
2661,461.337
2662,475.569
2663,485.804
2664,443.474
2665,448.915
2666,451.361
2667,445.260
2668,470.257
2669,460.266
2670,469.974
2671,488.605
2672,500.293
2673,484.616
2674,516.504
2675,506.970
2676,539.421
2677,569.694
2678,544.772
2679,581.837
2680,540.412
2681,610.220
2682,579.749
2683,613.896
2684,614.261
2685,608.114
2686,649.767
2687,666.490
2688,666.462
2689,689.698
2690,658.155
2691,721.371
2692,711.580
2693,728.282
2694,741.526
2695,817.211
2696,815.851
2697,840.729
2698,878.832
2699,918.690
2700,1001.758
2701,1041.864
2702,1137.455
2703,1173.813
2704,1234.330
2705,1266.294
2706,1179.330
2707,1283.028
2708,1140.593
2709,1197.232
2710,1203.670
2711,1302.891
2712,1267.777
2713,1285.747
2714,1357.865
2715,1276.231
2716,1262.375
2717,1258.073
2718,1122.867
2719,1142.833
2720,1137.995
2721,1047.260
2722,1156.603
2723,991.769
2724,1173.013
2725,934.787
2726,927.151
2727,955.326
2728,814.857
2729,938.680
2730,899.917
2731,935.118
2732,838.859
2733,961.161
2734,911.184
2735,941.922
2736,937.015
2737,952.584
2738,928.899
2739,985.326
2740,940.576
2741,1097.007
2742,1057.549
2743,1083.421
2744,1149.491
2745,1196.297
2746,1281.751
2747,1201.775
2748,1211.361
2749,1225.585
2750,1119.284
2751,1203.930
2752,908.316
2753,1034.642
2754,905.480
2755,917.808
2756,940.183
2757,900.689
2758,963.519
2759,953.270
2760,884.304
2761,962.009
2762,890.856
2763,896.057
2764,906.681
2765,906.396
2766,923.056
2767,908.163
2768,900.896
2769,901.097
2770,900.992
2771,903.119
2772,895.264
2773,970.673
2774,954.136
2775,911.967
2776,1008.359
2777,924.561
2778,967.070
2779,1021.009
2780,823.521
2781,846.907
2782,834.039
2783,776.521
2784,742.475
2785,743.477
2786,736.155
2787,722.776
2788,712.314
2789,699.555
2790,744.393
2791,690.600
2792,845.070
2793,748.729
2794,783.809
2795,802.827
2796,828.914
2797,773.660
2798,693.191
2799,654.040
2800,655.234
2801,584.873
2802,556.357
2803,503.873
2804,509.495
2805,481.236
2806,460.016
2807,462.511
2808,450.149
2809,430.911
2810,410.704
2811,427.284
2812,404.570
2813,430.307
2814,456.460
2815,471.526
2816,499.425
2817,509.055
2818,482.339
2819,520.084
2820,525.002
2821,512.402
2822,574.511
2823,561.658
2824,633.515
2825,650.679
2826,696.484
2827,749.536
2828,759.428
2829,650.456
2830,730.819
2831,651.649
2832,678.652
2833,766.746
2834,656.798
2835,733.921
2836,714.647
2837,622.193
2838,662.758
2839,592.534
2840,583.518
2841,604.140
2842,585.783
2843,626.032
2844,624.307
2845,635.963
2846,623.427
2847,643.325
2848,550.780
2849,628.929
2850,632.929
2851,683.092
2852,708.014
2853,700.453
2854,776.627
2855,861.626
2856,937.208
2857,1014.714
2858,1073.753
2859,987.611
2860,1244.471
2861,1055.702
2862,1054.027
2863,1190.467
2864,1033.984
2865,1149.953
2866,1123.853
2867,1223.000
2868,1123.363
2869,1068.133
2870,1012.105
2871,1059.143
2872,927.947
2873,1136.452
2874,972.745
2875,748.989
2876,901.562
2877,799.514
2878,813.744
2879,819.005
2880,889.874
2881,863.341
2882,873.971
2883,836.758
2884,842.038
2885,687.349
2886,779.603
2887,702.192
2888,624.306
2889,713.600
2890,620.181
2891,711.522
2892,656.565
2893,595.596
2894,650.156
2895,606.614
2896,566.299
2897,698.226
2898,594.576
2899,540.325
2900,642.253
2901,509.565
2902,519.606
2903,550.249
2904,497.569
2905,530.239
2906,530.582
2907,520.164
2908,495.123
2909,480.986
2910,483.678
2911,456.386
2912,431.525
2913,419.811
2914,419.793
2915,412.593
2916,377.245
2917,354.962
2918,384.334
2919,329.368
2920,261.822
2921,426.722
2922,422.658
2923,274.090
2924,411.053
2925,420.904
2926,365.848
2927,357.423
2928,248.018
2929,450.354
2930,413.536
2931,414.045
2932,402.100
2933,393.584
2934,406.086
2935,409.032
2936,411.804
2937,406.229
2938,414.134
2939,420.221
2940,419.200
2941,473.419
2942,385.017
2943,352.489
2944,475.712
2945,492.605
2946,430.391
2947,394.861
2948,443.715
2949,359.286
2950,395.911
2951,329.273
2952,228.450
2953,474.943
2954,366.564
2955,481.616
2956,410.687
2957,449.554
2958,368.144
2959,328.966
2960,285.698
2961,406.011
2962,356.504
2963,315.111
2964,287.224
2965,346.214
2966,301.811
2967,331.796
2968,362.114
2969,299.733
2970,288.685
2971,420.870
2972,363.887
2973,322.947
2974,314.782
2975,227.112
2976,241.958
2977,265.309
2978,260.044
2979,270.264
2980,274.045
2981,281.075
2982,322.313
2983,430.360
2984,492.254
2985,510.060
2986,460.282
2987,965.799
2988,916.871
2989,603.998
2990,990.384
2991,605.754
2992,900.268
2993,832.620
2994,1000.053
2995,825.563
2996,533.570
2997,509.424
2998,252.554
2999,193.648
3000,206.289
3001,191.221
3002,177.027
3003,156.758
3004,156.159
3005,142.809
3006,124.179
3007,141.775
3008,119.794
3009,111.616
3010,124.102
3011,118.704
3012,152.701
3013,128.086
3014,136.568
3015,165.093
3016,164.124
3017,163.849
3018,117.898
3019,141.033
3020,174.223
3021,199.941
3022,339.423
3023,244.334
3024,271.346
3025,341.376
3026,403.614
3027,432.925
3028,521.912
3029,522.653
3030,576.957
3031,525.279
3032,527.295
3033,519.906
3034,542.848
3035,519.336
3036,555.483
3037,597.048
3038,594.460
3039,549.072
3040,588.401
3041,589.487
3042,566.625
3043,569.343
3044,558.415
3045,513.156
3046,529.880
3047,532.278
3048,477.132
3049,467.070
3050,420.282
3051,434.807
3052,470.016
3053,529.091
3054,528.782
3055,540.023
3056,348.973
3057,185.809
3058,154.859
3059,194.488
3060,235.493
3061,202.716
3062,394.690
3063,204.853
3064,281.161
3065,404.368
3066,478.066
3067,531.988
3068,548.875
3069,570.956
3070,556.666
3071,547.452
3072,517.289
3073,512.853
3074,476.061
3075,478.758
3076,431.152
3077,417.397
3078,430.132
3079,480.926
3080,509.845
3081,674.417
3082,642.828
3083,685.820
3084,636.998
3085,133.549
3086,189.095
3087,436.260
3088,118.888
3089,139.128
3090,248.226
3091,133.329
3092,192.624
3093,243.629
3094,240.182
3095,234.409
3096,225.344
3097,242.505
3098,230.897
3099,245.586
3100,276.701
3101,292.389
3102,290.010
3103,298.731
3104,296.699
3105,304.973
3106,303.007
3107,331.997
3108,341.362
3109,334.760
3110,340.335
3111,323.592
3112,338.075
3113,315.679
3114,258.044
3115,295.649
3116,306.189
3117,296.686
3118,282.923
3119,300.761
3120,224.988
3121,249.284
3122,197.703
3123,275.725
3124,228.227
3125,204.916
3126,259.899
3127,249.852
3128,247.256
3129,265.845
3130,307.353
3131,275.311
3132,251.919
3133,243.714
3134,265.175
3135,238.954
3136,243.303
3137,381.234
3138,408.040
3139,379.393
3140,254.818
3141,295.534
3142,347.760
3143,186.248
3144,349.163
3145,324.379
3146,298.266
3147,316.603
3148,243.987
3149,243.846
3150,245.281
3151,287.083
3152,315.175
3153,269.902
3154,283.510
3155,290.877
3156,298.356
3157,345.481
3158,349.190
3159,426.095
3160,548.844
3161,197.984
3162,264.096
3163,575.611
3164,511.750
3165,738.084
3166,889.795
3167,898.396
3168,900.089
3169,848.865
3170,899.985
3171,899.296
3172,887.442
3173,924.434
3174,907.557
3175,929.387
3176,835.114
3177,829.232
3178,762.439
3179,819.317
3180,773.024
3181,732.899
3182,674.945
3183,721.393
3184,769.327
3185,852.867
3186,841.195
3187,954.326
3188,952.964
3189,901.529
3190,913.698
3191,560.382
3192,666.248
3193,434.785
3194,462.291
3195,492.511
3196,381.049
3197,406.904
3198,437.441
3199,482.541
3200,488.262
3201,480.129
3202,473.829
3203,485.270
3204,498.778
3205,440.747
3206,465.130
3207,283.374
3208,487.515
3209,422.189
3210,383.883
3211,563.197
3212,550.271
3213,617.656
3214,564.312
3215,541.443
3216,537.434
3217,499.478
3218,561.600
3219,529.876
3220,514.236
3221,452.301
3222,465.678
3223,508.935
3224,475.343
3225,506.255
3226,435.664
3227,381.453
3228,383.555
3229,350.313
3230,268.827
3231,100.529
3232,95.756
3233,80.857
3234,85.021
3235,128.545
3236,112.438
3237,87.786
3238,105.481
3239,111.816
3240,136.330
3241,152.339
3242,189.992
3243,137.682
3244,147.791
3245,152.175
3246,224.703
3247,204.132
3248,162.761
3249,190.022
3250,187.139
3251,194.881
3252,208.974
3253,248.946
3254,193.558
3255,163.105
3256,169.036
3257,177.933
3258,169.004
3259,163.876
3260,173.900
3261,172.001
3262,213.299
3263,193.926
3264,165.439
3265,220.162
3266,283.280
3267,286.592
3268,283.956
3269,263.365
3270,245.784
3271,259.761
3272,275.734
3273,277.143
3274,279.106
3275,283.017
3276,281.211
3277,278.765
3278,277.436
3279,271.008
3280,276.402
3281,289.241
3282,305.726
3283,317.512
3284,325.718
3285,327.740
3286,335.948
3287,350.492
3288,361.838
3289,378.797
3290,409.094
3291,431.027
3292,448.703
3293,489.724
3294,507.467
3295,530.014
3296,540.674
3297,547.617
3298,540.480
3299,524.168
3300,515.435
3301,525.451
3302,514.922
3303,507.343
3304,519.224
3305,530.594
3306,538.886
3307,555.679
3308,555.274
3309,554.952
3310,552.176
3311,566.772
3312,572.756
3313,582.062
3314,579.959
3315,576.642
3316,570.950
3317,563.917
3318,544.975
3319,531.933
3320,539.027
3321,570.396
3322,580.391
3323,575.432
3324,572.491
3325,586.617
3326,593.467
3327,606.284
3328,612.128
3329,612.703
3330,616.779
3331,628.362
3332,645.817
3333,615.064
3334,595.050
3335,577.613
3336,582.071
3337,577.910
3338,558.635
3339,543.835
3340,551.051
3341,547.083
3342,531.198
3343,539.612
3344,540.751
3345,557.183
3346,561.594
3347,580.836
3348,594.795
3349,604.849
3350,614.326
3351,616.785
3352,641.992
3353,638.099
3354,647.667
3355,668.158
3356,674.959
3357,675.232
3358,693.762
3359,685.953
3360,694.517
3361,699.824
3362,695.798
3363,667.004
3364,679.755
3365,659.381
3366,640.363
3367,644.562
3368,616.871
3369,579.621
3370,572.603
3371,556.186
3372,537.287
3373,536.740
3374,523.803
3375,508.639
3376,549.125
3377,551.960
3378,523.700
3379,482.918
3380,573.606
3381,570.550
3382,627.267
3383,656.064
3384,672.850
3385,704.113
3386,707.401
3387,707.252
3388,711.547
3389,718.659
3390,693.511
3391,711.527
3392,702.199
3393,681.400
3394,713.927
3395,686.309
3396,629.742
3397,605.858
3398,322.164
3399,409.847
3400,449.902
3401,486.563
3402,328.320
3403,378.817
3404,490.783
3405,428.888
3406,360.670
3407,391.789
3408,390.007
3409,260.290
3410,293.689
3411,376.086
3412,242.129
3413,289.916
3414,320.249
3415,376.612
3416,291.193
3417,289.888
3418,338.607
3419,378.079
3420,533.274
3421,405.394
3422,414.878
3423,336.244
3424,338.540
3425,236.229
3426,232.156
3427,232.842
3428,195.177
3429,206.799
3430,273.522
3431,204.713
3432,214.325
3433,221.591
3434,211.945
3435,247.321
3436,212.175
3437,249.282
3438,225.850
3439,225.890
3440,303.893
3441,257.652
3442,252.686
3443,243.822
3444,227.126
3445,220.200
3446,221.447
3447,201.786
3448,232.435
3449,208.334
3450,215.086
3451,223.587
3452,222.668
3453,222.085
3454,227.937
3455,228.674
3456,233.830
3457,241.269
3458,241.356
3459,264.770
3460,234.297
3461,273.905
3462,339.793
3463,304.860
3464,319.483
3465,322.358
3466,312.828
3467,349.023
3468,328.976
3469,341.910
3470,343.587
3471,297.953
3472,277.146
3473,341.026
3474,261.446
3475,266.248
3476,232.670
3477,257.523
3478,275.766
3479,268.109
3480,253.741
3481,274.559
3482,206.324
3483,203.939
3484,209.987
3485,234.657
3486,217.719
3487,199.582
3488,213.437
3489,232.255
3490,193.862
3491,115.763
3492,171.622
3493,170.352
3494,140.724
3495,106.368
3496,79.216
3497,76.592
3498,72.367
3499,82.640
3500,90.404
3501,88.781
3502,91.738
3503,73.930
3504,83.097
3505,83.162
3506,79.466
3507,76.085
3508,72.379
3509,69.447
3510,72.029
3511,77.390
3512,82.143
3513,86.160
3514,89.412
3515,86.086
3516,81.930
3517,74.807
3518,68.406
3519,66.423
3520,68.744
3521,61.714
3522,60.035
3523,56.485
3524,54.399
3525,56.818
3526,57.802
3527,57.142
3528,61.833
3529,63.223
3530,63.483
3531,64.588
3532,61.664
3533,68.920
3534,67.428
3535,77.584
3536,77.093
3537,76.245
3538,75.467
3539,72.609
3540,71.579
3541,81.909
3542,100.720
3543,109.593
3544,113.001
3545,106.621
3546,101.097
3547,105.046
3548,105.288
3549,98.261
3550,114.732
3551,131.792
3552,116.322
3553,128.072
3554,128.198
3555,128.481
3556,136.225
3557,122.669
3558,124.494
3559,116.760
3560,132.693
3561,135.705
3562,114.952
3563,165.047
3564,145.187
3565,95.098
3566,82.124
3567,112.407
3568,81.666
3569,91.904
3570,112.492
3571,95.686
3572,130.643
3573,129.999
3574,93.091
3575,87.304
3576,89.535
3577,84.395
3578,74.170
3579,69.600
3580,92.994
3581,118.633
3582,92.154
3583,119.497
3584,135.656
3585,120.662
3586,208.775
3587,310.873
3588,279.827
3589,283.225
3590,311.191
3591,334.748
3592,334.353
3593,295.172
3594,330.461
3595,352.512
3596,360.965
3597,370.456
3598,369.901
3599,338.517
3600,380.203
3601,379.072
3602,340.169
3603,354.223
3604,358.222
3605,281.496
3606,158.014
3607,412.212
3608,394.963
3609,404.552
3610,430.696
3611,364.126
3612,307.275
3613,318.798
3614,248.642
3615,280.146
3616,250.707
3617,444.817
3618,473.087
3619,443.429
3620,448.779
3621,474.635
3622,461.659
3623,453.481
3624,436.765
3625,351.066
3626,273.387
3627,364.738
3628,360.635
3629,346.372
3630,316.928
3631,363.208
3632,404.371
3633,448.411
3634,400.151
3635,360.917
3636,363.770
3637,335.570
3638,322.604
3639,297.412
3640,249.068
3641,241.677
3642,236.920
3643,244.986
3644,265.318
3645,246.749
3646,234.976
3647,230.748
3648,235.947
3649,229.432
3650,226.022
3651,209.484
3652,203.832
3653,203.757
3654,201.764
3655,194.837
3656,184.703
3657,182.290
3658,200.770
3659,236.557
3660,235.146
3661,230.202
3662,227.121
3663,257.827
3664,249.587
3665,260.108
3666,253.253
3667,269.625
3668,315.891
3669,350.122
3670,419.848
3671,618.535
3672,755.341
3673,897.274
3674,980.771
3675,1037.141
3676,1030.317
3677,543.146
3678,470.165
3679,1031.440
3680,1178.666
3681,685.336
3682,534.208
3683,505.112
3684,471.286
3685,411.416
3686,409.561
3687,379.882
3688,373.825
3689,369.353
3690,372.988
3691,363.908
3692,348.096
3693,329.548
3694,322.397
3695,317.216
3696,322.078
3697,339.809
3698,378.577
3699,417.075
3700,463.915
3701,516.042
3702,561.303
3703,619.819
3704,754.248
3705,891.003
3706,901.831
3707,913.283
3708,1037.077
3709,1166.507
3710,1218.130
3711,1247.164
3712,1288.046
3713,1264.708
3714,1311.544
3715,1388.010
3716,1400.926
3717,1412.165
3718,1434.243
3719,1387.239
3720,1329.681
3721,1356.260
3722,1446.311
3723,1170.194
3724,1173.030
3725,1189.374
3726,1314.168
3727,1302.281
3728,1397.691
3729,1215.595
3730,1408.810
3731,1430.105
3732,1571.736
3733,1574.415
3734,1591.996
3735,1556.569
3736,1535.926
3737,1491.524
3738,1534.962
3739,1499.291
3740,1495.318
3741,1509.385
3742,1514.144
3743,1590.364
3744,1673.556
3745,1672.050
3746,1687.759
3747,1673.893
3748,1671.812
3749,1679.736
3750,1689.869
3751,1683.725
3752,1524.360
3753,1547.940
3754,1598.915
3755,1508.612
3756,1540.979
3757,1497.564
3758,1550.569
3759,1570.256
3760,1531.904
3761,1617.857
3762,1641.409
3763,1637.782
3764,1634.384
3765,1639.249
3766,1644.396
3767,1665.302
3768,1658.814
3769,1657.139
3770,1678.872
3771,1663.375
3772,1674.525
3773,1666.474
3774,1676.648
3775,1686.255
3776,1680.704
3777,1688.533
3778,1715.933
3779,1714.838
3780,1714.636
3781,1713.061
3782,1712.174
3783,1707.528
3784,1708.729
3785,1711.705
3786,1735.645
3787,1725.545
3788,1724.164
3789,1723.058
3790,1740.734
3791,1712.637
3792,1692.260
3793,1706.963
3794,1696.766
3795,1707.779
3796,1716.419
3797,1714.164
3798,1745.625
3799,1730.424
3800,1735.142
3801,1736.607
3802,1754.562
3803,1738.154
3804,1738.582
3805,1740.618
3806,1769.615
3807,1736.489
3808,1733.984
3809,1722.489
3810,1739.861
3811,1716.890
3812,1705.489
3813,1608.141
3814,1640.468
3815,1526.502
3816,1434.265
3817,721.193
3818,674.497
3819,640.527
3820,584.820
3821,523.213
3822,559.100
3823,582.038
3824,581.012
3825,591.451
3826,582.700
3827,517.671
3828,506.868
3829,500.518
3830,522.445
3831,511.724
3832,501.337
3833,503.349
3834,506.286
3835,464.208
3836,447.163
3837,443.247
3838,440.941
3839,448.725
3840,440.156
3841,436.446
3842,442.865
3843,419.151
3844,418.343
3845,410.784
3846,437.051
3847,440.230
3848,465.876
3849,484.450
3850,495.794
3851,505.564
3852,525.525
3853,552.096
3854,573.799
3855,591.694
3856,615.007
3857,629.976
3858,655.141
3859,675.602
3860,669.396
3861,677.366
3862,669.851
3863,669.540
3864,669.214
3865,659.994
3866,659.328
3867,629.417
3868,587.494
3869,582.817
3870,554.650
3871,528.960
3872,491.073
3873,443.732
3874,349.317
3875,174.532
3876,187.482
3877,189.354
3878,207.902
3879,212.024
3880,148.496
3881,158.467
3882,173.415
3883,157.504
3884,245.499
3885,235.849
3886,265.867
3887,185.609
3888,145.099
3889,167.849
3890,239.133
3891,203.291
3892,185.567
3893,279.398
3894,284.549
3895,207.562
3896,297.832
3897,276.873
3898,269.291
3899,405.541
3900,225.231
3901,385.017
3902,354.662
3903,376.459
3904,391.552
3905,396.172
3906,390.382
3907,332.018
3908,304.075
3909,122.441
3910,131.293
3911,138.076
3912,151.595
3913,180.403
3914,221.011
3915,239.576
3916,286.325
3917,298.721
3918,294.049
3919,314.769
3920,343.595
3921,335.169
3922,413.810
3923,502.665
3924,499.166
3925,550.146
3926,611.187
3927,659.032
3928,627.523
3929,471.437
3930,290.503
3931,247.456
3932,220.285
3933,240.741
3934,161.848
3935,168.986
3936,205.805
3937,227.002
3938,235.233
3939,205.038
3940,215.977
3941,290.055
3942,244.672
3943,216.016
3944,210.665
3945,232.448
3946,225.309
3947,215.239
3948,260.091
3949,281.356
3950,253.626
3951,292.148
3952,275.744
3953,261.593
3954,392.703
3955,308.929
3956,292.735
3957,419.686
3958,447.327
3959,406.705
3960,339.496
3961,489.323
3962,521.854
3963,588.442
3964,539.772
3965,574.630
3966,963.350
3967,582.419
3968,819.701
3969,844.656
3970,458.554
3971,458.709
3972,568.557
3973,608.396
3974,493.509
3975,629.884
3976,594.865
3977,735.484
3978,1017.532
3979,1161.241
3980,1206.258
3981,1226.614
3982,1287.092
3983,1088.974
3984,600.286
3985,842.462
3986,886.111
3987,672.825
3988,1061.779
3989,714.374
3990,830.818
3991,925.650
3992,1263.710
3993,1070.181
3994,572.778
3995,1180.187
3996,980.798
3997,833.830
3998,525.931
3999,568.042
4000,719.548
4001,568.263
4002,639.005
4003,800.894
4004,942.981
4005,1132.199
4006,1050.822
4007,1059.291
4008,927.097
4009,894.240
4010,1018.916
4011,804.974
4012,702.509
4013,386.124
4014,478.007
4015,382.448
4016,250.725
4017,271.503
4018,432.691
4019,374.484
4020,253.924
4021,413.353
4022,354.924
4023,356.756
4024,468.095
4025,467.673
4026,452.125
4027,283.891
4028,150.189
4029,153.050
4030,197.535
4031,304.981
4032,365.747
4033,375.136
4034,348.881
4035,303.862
4036,256.588
4037,218.524
4038,332.605
4039,386.985
4040,504.770
4041,468.135
4042,416.263
4043,348.041
4044,251.324
4045,190.072
4046,298.536
4047,263.038
4048,257.529
4049,248.024
4050,198.530
4051,92.750
4052,90.437
4053,111.444
4054,170.826
4055,333.466
4056,373.359
4057,201.974
4058,142.248
4059,151.776
4060,117.233
4061,94.482
4062,91.682
4063,142.497
4064,209.463
4065,276.248
4066,192.229
4067,189.958
4068,100.981
4069,123.335
4070,99.467
4071,101.886
4072,95.575
4073,88.204
4074,110.570
4075,98.955
4076,81.515
4077,83.776
4078,143.388
4079,123.088
4080,132.421
4081,141.262
4082,148.045
4083,153.938
4084,158.713
4085,163.803
4086,168.087
4087,141.257
4088,145.420
4089,139.939
4090,132.457
4091,125.545
4092,105.672
4093,99.489
4094,102.511
4095,97.417
4096,97.439
4097,94.635
4098,106.020
4099,110.227
4100,106.925
4101,70.264
4102,105.880
4103,89.672
4104,100.010
4105,63.588
4106,67.383
4107,79.980
4108,89.902
4109,113.422
4110,113.802
4111,132.465
4112,133.630
4113,148.872
4114,160.322
4115,181.782
4116,197.441
4117,225.602
4118,240.362
4119,203.289
4120,299.766
4121,294.835
4122,296.705
4123,301.433
4124,245.089
4125,283.038
4126,271.735
4127,245.537
4128,247.175
4129,157.077
4130,197.898
4131,232.092
4132,293.774
4133,304.220
4134,293.985
4135,181.595
4136,289.951
4137,273.186
4138,288.411
4139,258.959
4140,336.447
4141,292.396
4142,329.963
4143,336.014
4144,335.304
4145,359.502
4146,338.231
4147,325.380
4148,334.989
4149,332.026
4150,343.747
4151,359.122
4152,365.959
4153,325.625
4154,335.260
4155,262.055
4156,218.866
4157,197.964
4158,152.901
4159,151.071
4160,158.776
4161,113.388
4162,139.275
4163,150.088
4164,140.309
4165,206.333
4166,203.149
4167,247.757
4168,248.054
4169,298.375
4170,334.122
4171,347.998
4172,347.829
4173,380.618
4174,398.227
4175,438.059
4176,574.261
4177,690.414
4178,403.598
4179,529.540
4180,479.469
4181,470.825
4182,529.906
4183,420.222
4184,452.601
4185,496.493
4186,513.517
4187,524.814
4188,552.993
4189,594.168
4190,568.342
4191,625.494
4192,532.094
4193,458.359
4194,601.312
4195,528.585
4196,560.337
4197,494.704
4198,547.240
4199,415.176
4200,413.119
4201,484.837
4202,400.036
4203,314.377
4204,337.051
4205,433.244
4206,206.473
4207,185.528
4208,263.847
4209,197.978
4210,150.661
4211,167.370
4212,234.496
4213,169.126
4214,207.738
4215,227.236
4216,246.284
4217,251.988
4218,247.987
4219,146.391
4220,182.243
4221,201.010
4222,303.256
4223,207.567
4224,227.228
4225,305.505
4226,229.677
4227,213.275
4228,260.388
4229,241.419
4230,188.184
4231,214.527
4232,231.257
4233,246.977
4234,283.348
4235,217.464
4236,384.009
4237,297.931
4238,289.167
4239,304.675
4240,328.011
4241,369.778
4242,607.106
4243,587.431
4244,499.215
4245,411.482
4246,652.362
4247,735.859
4248,626.037
4249,729.096
4250,694.365
4251,743.046
4252,718.407
4253,621.037
4254,795.304
4255,800.579
4256,758.667
4257,952.689
4258,1064.237
4259,1157.913
4260,1145.575
4261,1436.266
4262,1572.503
4263,1610.149
4264,1308.473
4265,935.265
4266,1435.441
4267,1275.137
4268,1103.269
4269,1552.245
4270,1225.902
4271,1343.273
4272,1443.942
4273,961.100
4274,970.760
4275,1038.597
4276,1413.238
4277,1755.272
4278,1342.831
4279,1803.655
4280,636.094
4281,2004.097
4282,1647.219
4283,1654.463
4284,882.883
4285,1903.060
4286,1865.225
4287,1626.902
4288,1736.331
4289,1920.088
4290,1694.101
4291,1675.176
4292,1637.270
4293,1831.606
4294,1852.937
4295,1514.455
4296,1476.537
4297,1482.355
4298,792.841
4299,1397.548
4300,1393.052
4301,1485.850
4302,1014.142
4303,1429.763
4304,1779.778
4305,2550.249
4306,1733.725
4307,1640.555
4308,2429.570
4309,2366.776
4310,2369.679
4311,1442.366
4312,2113.046
4313,1752.487
4314,1697.654
4315,1421.566
4316,2132.159
4317,2193.564
4318,2249.345
4319,2501.900
4320,2558.236
4321,2571.567
4322,2506.201
4323,2619.209
4324,2469.125
4325,2447.839
4326,1856.828
4327,1571.117
4328,1538.784
4329,1560.179
4330,1536.096
4331,1553.904
4332,1530.149
4333,1586.296
4334,1362.178
4335,1262.083
4336,1219.046
4337,1192.237
4338,1203.601
4339,1188.137
4340,1304.987
4341,1304.877
4342,1277.929
4343,1327.945
4344,1334.914
4345,1365.231
4346,1355.416
4347,1404.176
4348,1454.118
4349,1468.096
4350,1442.990
4351,1556.754
4352,1155.153
4353,1569.829
4354,1507.042
4355,1382.710
4356,954.714
4357,573.473
4358,1393.875
4359,1446.303
4360,1722.934
4361,1746.848
4362,1731.702
4363,1790.449
4364,1784.310
4365,1617.575
4366,1657.668
4367,1590.654
4368,1421.558
4369,1687.701
4370,1784.438
4371,1843.734
4372,1839.905
4373,1838.974
4374,1783.576
4375,1272.095
4376,1490.060
4377,1462.222
4378,1329.402
4379,1325.959
4380,1237.746
4381,1179.988
4382,1102.197
4383,1050.684
4384,925.950
4385,972.745
4386,856.053
4387,791.401
4388,809.954
4389,450.692
4390,411.115
4391,484.453
4392,328.093
4393,383.497
4394,330.208
4395,294.430
4396,339.106
4397,335.536
4398,324.590
4399,314.182
4400,322.632
4401,316.403
4402,295.378
4403,273.462
4404,285.659
4405,234.904
4406,207.436
4407,189.925
4408,148.860
4409,148.440
4410,181.177
4411,146.119
4412,151.423
4413,173.489
4414,169.496
4415,177.935
4416,292.973
4417,276.438
4418,320.276
4419,397.344
4420,328.092
4421,427.215
4422,441.998
4423,547.628
4424,514.038
4425,666.667
4426,692.350
4427,754.057
4428,824.115
4429,750.027
4430,839.818
4431,791.735
4432,631.469
4433,733.815
4434,751.603
4435,803.165
4436,784.246
4437,792.830
4438,797.917
4439,794.034
4440,703.830
4441,465.343
4442,769.380
4443,734.062
4444,601.173
4445,778.848
4446,783.622
4447,650.750
4448,809.812
4449,691.784
4450,700.826
4451,769.152
4452,725.904
4453,854.527
4454,845.434
4455,610.316
4456,747.002
4457,757.066
4458,659.329
4459,731.069
4460,717.712
4461,735.857
4462,701.940
4463,619.369
4464,657.195
4465,651.866
4466,633.801
4467,718.857
4468,699.640
4469,717.088
4470,722.914
4471,704.978
4472,692.118
4473,651.147
4474,659.267
4475,628.571
4476,581.456
4477,600.925
4478,598.385
4479,599.106
4480,597.387
4481,576.937
4482,609.703
4483,599.245
4484,583.735
4485,584.952
4486,582.272
4487,532.767
4488,467.896
4489,429.708
4490,450.109
4491,433.221
4492,441.351
4493,462.551
4494,457.349
4495,485.377
4496,490.693
4497,502.994
4498,521.348
4499,480.698
4500,476.597
4501,434.384
4502,401.047
4503,345.745
4504,396.373
4505,390.540
4506,436.406
4507,448.470
4508,491.053
4509,489.034
4510,509.817
4511,479.771
4512,419.555
4513,416.384
4514,406.798
4515,368.715
4516,368.747
4517,365.618
4518,353.970
4519,355.658
4520,328.461
4521,307.305
4522,349.488
4523,313.968
4524,300.721
4525,337.536
4526,314.887
4527,345.966
4528,354.079
4529,299.915
4530,316.612
4531,307.793
4532,263.630
4533,285.536
4534,317.317
4535,281.280
4536,341.867
4537,323.591
4538,328.865
4539,385.637
4540,340.212
4541,308.605
4542,394.621
4543,295.651
4544,362.003
4545,287.289
4546,334.658
4547,379.869
4548,275.146
4549,352.849
4550,318.935
4551,306.489
4552,354.692
4553,345.921
4554,297.248
4555,402.516
4556,320.556
4557,301.344
4558,340.282
4559,325.185
4560,349.047
4561,391.281
4562,333.145
4563,301.322
4564,421.696
4565,334.961
4566,355.650
4567,345.236
4568,335.273
4569,394.655
4570,378.731
4571,380.233
4572,409.377
4573,379.845
4574,382.176
4575,386.155
4576,374.604
4577,375.769
4578,425.484
4579,404.446
4580,398.148
4581,406.983
4582,411.005
4583,417.188
4584,386.984
4585,398.840
4586,438.114
4587,405.366
4588,423.525
4589,443.132
4590,433.018
4591,437.800
4592,433.147
4593,499.426
4594,476.030
4595,477.166
4596,507.929
4597,472.029
4598,484.285
4599,517.839
4600,487.702
4601,501.879
4602,572.549
4603,488.216
4604,559.275
4605,560.106
4606,554.435
4607,600.590
4608,549.994
4609,511.967
4610,523.444
4611,509.571
4612,499.781
4613,478.440
4614,485.556
4615,422.180
4616,398.232
4617,425.197
4618,393.740
4619,455.531
4620,448.654
4621,447.488
4622,474.366
4623,464.619
4624,421.603
4625,383.278
4626,554.235
4627,428.881
4628,448.343
4629,467.205
4630,469.454
4631,486.638
4632,499.224
4633,504.364
4634,516.078
4635,554.170
4636,536.996
4637,494.068
4638,441.181
4639,417.921
4640,272.428
4641,235.951
4642,176.881
4643,167.773
4644,184.553
4645,224.730
4646,201.927
4647,186.364
4648,200.842
4649,181.449
4650,158.637
4651,191.149
4652,158.698
4653,129.037
4654,204.190
4655,297.354
4656,139.829
4657,185.202
4658,257.105
4659,234.919
4660,232.528
4661,288.005
4662,250.499
4663,267.568
4664,205.168
4665,340.408
4666,391.067
4667,367.796
4668,382.500
4669,395.255
4670,408.068
4671,407.931
4672,413.322
4673,421.283
4674,449.571
4675,490.652
4676,511.972
4677,513.141
4678,529.094
4679,552.066
4680,522.668
4681,549.419
4682,560.795
4683,621.858
4684,675.342
4685,756.336
4686,678.922
4687,657.882
4688,754.827
4689,475.313
4690,526.018
4691,846.859
4692,919.771
4693,748.305
4694,764.484
4695,977.456
4696,890.922
4697,643.151
4698,511.821
4699,989.127
4700,1064.079
4701,1066.039
4702,1053.672
4703,1033.261
4704,1003.477
4705,989.890
4706,1059.069
4707,1000.375
4708,989.478
4709,1040.376
4710,1034.385
4711,1113.132
4712,1129.071
4713,1146.716
4714,1121.283
4715,1122.840
4716,1094.718
4717,1111.342
4718,1071.896
4719,1074.148
4720,1050.610
4721,1081.934
4722,1045.585
4723,1048.910
4724,1039.456
4725,1025.242
4726,955.417
4727,627.958
4728,653.282
4729,517.940
4730,511.059
4731,640.879
4732,512.426
4733,394.644
4734,351.530
4735,356.325
4736,472.854
4737,873.813
4738,551.603
4739,803.833
4740,949.630
4741,933.726
4742,971.558
4743,963.144
4744,964.128
4745,913.586
4746,957.557
4747,1003.022
4748,988.129
4749,1032.695
4750,941.757
4751,987.242
4752,1008.283
4753,1080.273
4754,1064.410
4755,1088.141
4756,1117.585
4757,1135.276
4758,1120.730
4759,1130.173
4760,1113.962
4761,1124.517
4762,1089.768
4763,1060.276
4764,1007.179
4765,1001.425
4766,998.832
4767,978.541
4768,954.541
4769,1015.226
4770,923.060
4771,688.451
4772,865.318
4773,1110.062
4774,1105.963
4775,1084.465
4776,1078.154
4777,1118.932
4778,1095.186
4779,1095.006
4780,1100.186
4781,1116.179
4782,1107.086
4783,1124.327
4784,1118.071
4785,1134.184
4786,1112.938
4787,1114.443
4788,1097.741
4789,1126.176
4790,1120.176
4791,1126.860
4792,1131.903
4793,1139.973
4794,1106.159
4795,1100.252
4796,1061.141
4797,1040.474
4798,998.741
4799,859.062
4800,666.903
4801,719.031
4802,628.665
4803,564.571
4804,569.969
4805,593.794
4806,609.743
4807,668.497
4808,702.136
4809,748.530
4810,646.014
4811,454.515
4812,551.863
4813,468.041
4814,492.878
4815,623.072
4816,601.822
4817,414.535
4818,283.219
4819,271.213
4820,242.253
4821,283.374
4822,273.956
4823,208.822
4824,242.726
4825,203.389
4826,320.687
4827,315.117
4828,418.718
4829,489.618
4830,578.016
4831,662.900
4832,667.583
4833,697.752
4834,607.876
4835,695.497
4836,700.265
4837,523.093
4838,274.533
4839,744.846
4840,388.127
4841,243.679
4842,657.160
4843,356.467
4844,526.813
4845,603.730
4846,538.541
4847,573.556
4848,702.240
4849,605.591
4850,681.065
4851,702.732
4852,802.192
4853,613.517
4854,285.802
4855,671.702
4856,285.644
4857,227.546
4858,261.942
4859,185.096
4860,165.195
4861,212.502
4862,167.165
4863,160.179
4864,186.139
4865,184.254
4866,138.695
4867,146.539
4868,132.399
4869,101.160
4870,184.262
4871,123.261
4872,84.786
4873,126.840
4874,110.347
4875,96.368
4876,110.830
4877,112.417
4878,151.109
4879,154.612
4880,140.971
4881,148.690
4882,141.665
4883,143.662
4884,137.842
4885,148.939
4886,130.928
4887,121.224
4888,115.770
4889,108.765
4890,111.113
4891,108.262
4892,100.398
4893,121.584
4894,128.452
4895,148.507
4896,152.469
4897,150.641
4898,137.575
4899,112.037
4900,123.494
4901,121.668
4902,112.749
4903,111.714
4904,123.480
4905,117.303
4906,110.900
4907,117.583
4908,112.475
4909,100.223
4910,110.517
4911,100.256
4912,103.089
4913,101.191
4914,97.801
4915,95.824
4916,97.125
4917,96.806
4918,94.761
4919,103.672
4920,103.752
4921,96.784
4922,100.599
4923,107.205
4924,103.511
4925,106.905
4926,116.580
4927,109.280
4928,119.574
4929,125.341
4930,123.729
4931,140.331
4932,147.867
4933,141.022
4934,204.575
4935,192.821
4936,191.895
4937,227.483
4938,191.351
4939,205.496
4940,235.949
4941,205.309
4942,214.294
4943,253.117
4944,237.229
4945,283.624
4946,277.731
4947,308.766
4948,325.309
4949,335.680
4950,335.478
4951,231.785
4952,394.375
4953,265.021
4954,198.514
4955,172.360
4956,196.244
4957,226.653
4958,224.112
4959,226.395
4960,301.857
4961,290.432
4962,329.549
4963,373.342
4964,366.929
4965,462.796
4966,469.480
4967,431.462
4968,620.222
4969,592.218
4970,603.969
4971,622.129
4972,616.385
4973,578.136
4974,757.510
4975,734.662
4976,675.598
4977,1006.148
4978,862.275
4979,688.904
4980,621.383
4981,619.903
4982,687.251
4983,242.167
4984,202.569
4985,264.352
4986,277.196
4987,305.136
4988,407.796
4989,453.952
4990,427.060
4991,409.056
4992,575.101
4993,848.801
4994,880.208
4995,524.439
4996,1355.979
4997,1379.408
4998,706.236
4999,1412.605
5000,1419.066
5001,1634.938
5002,1517.096
5003,1852.637
5004,2169.486
5005,2048.359
5006,2163.738
5007,1314.746
5008,2270.738
5009,2037.357
5010,1289.031
5011,2002.942
5012,1734.797
5013,1899.332
5014,2048.963
5015,2216.459
5016,2408.294
5017,2326.637
5018,2401.711
5019,2902.768
5020,2817.490
5021,2875.945
5022,2859.816
5023,2876.476
5024,2748.500
5025,2743.627
5026,2675.060
5027,2754.724
5028,2684.086
5029,2652.061
5030,2541.575
5031,2181.327
5032,2168.266
5033,1970.933
5034,1932.595
5035,1732.558
5036,1750.967
5037,1775.266
5038,1518.394
5039,1654.559
5040,1797.295
5041,1850.625
5042,1861.811
5043,1888.162
5044,1861.806
5045,1482.734
5046,1389.102
5047,269.844
5048,254.138
5049,466.281
5050,191.829
5051,1041.202
5052,1237.013
5053,1253.891
5054,1554.068
5055,1571.612
5056,1571.151
5057,1307.008
5058,1321.912
5059,1277.372
5060,1054.264
5061,920.685
5062,806.949
5063,256.017
5064,584.452
5065,671.141
5066,1156.138
5067,1335.804
5068,1755.291
5069,2007.900
5070,1719.866
5071,1727.567
5072,1473.706
5073,590.014
5074,801.628
5075,432.425
5076,525.683
5077,1158.649
5078,1241.002
5079,1161.551
5080,1220.508
5081,720.273
5082,299.860
5083,343.672
5084,227.278
5085,165.028
5086,302.426
5087,241.949
5088,258.532
5089,547.263
5090,619.711
5091,743.730
5092,711.297
5093,700.672
5094,711.857
5095,797.150
5096,797.542
5097,908.391
5098,915.758
5099,964.674
5100,1188.910
5101,1268.944
5102,1342.327
5103,1411.794
5104,1254.044
5105,1322.385
5106,1261.083
5107,1232.681
5108,887.794
5109,932.812
5110,841.710
5111,783.580
5112,782.637
5113,910.922
5114,941.478
5115,999.815
5116,1039.235
5117,1046.209
5118,1065.867
5119,1130.867
5120,1103.972
5121,1029.442
5122,919.986
5123,901.967
5124,893.144
5125,877.717
5126,882.992
5127,893.043
5128,870.442
5129,795.220
5130,603.360
5131,577.739
5132,645.540
5133,617.821
5134,596.943
5135,717.805
5136,705.740
5137,694.080
5138,716.296
5139,711.105
5140,714.417
5141,715.450
5142,727.179
5143,754.482
5144,818.994
5145,780.026
5146,687.268
5147,686.285
5148,698.194
5149,632.276
5150,593.862
5151,675.917
5152,578.628
5153,553.014
5154,526.110
5155,481.927
5156,419.815
5157,451.875
5158,404.607
5159,385.913
5160,391.296
5161,408.647
5162,308.340
5163,391.902
5164,330.192
5165,322.307
5166,298.564
5167,396.069
5168,296.115
5169,260.160
5170,236.326
5171,169.866
5172,165.815
5173,193.813
5174,183.303
5175,188.418
5176,234.887
5177,248.740
5178,214.439
5179,289.244
5180,256.174
5181,281.970
5182,295.043
5183,293.415
5184,277.017
5185,287.204
5186,294.939
5187,315.576
5188,378.157
5189,383.355
5190,330.731
5191,342.329
5192,363.231
5193,331.374
5194,321.695
5195,365.466
5196,383.468
5197,387.019
5198,378.534
5199,387.187
5200,382.517
5201,391.550
5202,408.767
5203,405.268
5204,402.171
5205,401.947
5206,397.940
5207,394.234
5208,400.200
5209,417.585
5210,411.498
5211,388.993
5212,407.620
5213,211.523
5214,385.207
5215,433.456
5216,437.139
5217,507.107
5218,496.690
5219,545.199
5220,577.874
5221,606.587
5222,604.384
5223,598.024
5224,586.768
5225,588.325
5226,593.516
5227,599.089
5228,594.589
5229,581.759
5230,564.536
5231,564.368
5232,542.956
5233,501.683
5234,499.464
5235,501.505
5236,489.924
5237,522.744
5238,561.717
5239,555.497
5240,553.864
5241,548.341
5242,449.924
5243,424.997
5244,419.183
5245,386.095
5246,370.024
5247,372.065
5248,375.153
5249,368.919
5250,384.404
5251,366.876
5252,356.960
5253,361.967
5254,356.845
5255,359.791
5256,368.853
5257,364.436
5258,358.392
5259,352.487
5260,240.963
5261,362.246
5262,353.016
5263,364.116
5264,365.162
5265,362.199
5266,319.061
5267,376.575
5268,371.749
5269,377.329
5270,381.380
5271,353.150
5272,376.058
5273,353.937
5274,385.527
5275,404.270
5276,397.255
5277,396.844
5278,399.702
5279,374.863
5280,390.995
5281,397.192
5282,351.458
5283,356.222
5284,337.375
5285,321.052
5286,313.227
5287,299.657
5288,293.621
5289,298.027
5290,307.869
5291,314.662
5292,303.471
5293,298.071
5294,269.312
5295,267.137
5296,273.918
5297,146.347
5298,180.656
5299,284.130
5300,283.796
5301,273.748
5302,274.807
5303,259.501
5304,246.334
5305,193.984
5306,152.799
5307,197.899
5308,216.592
5309,226.886
5310,229.895
5311,232.486
5312,237.569
5313,246.294
5314,240.760
5315,238.008
5316,224.822
5317,219.865
5318,171.354
5319,161.717
5320,142.198
5321,110.191
5322,124.287
5323,123.164
5324,137.491
5325,147.897
5326,172.115
5327,234.686
5328,268.165
5329,255.500
5330,302.882
5331,453.086
5332,396.735
5333,353.481
5334,342.747
5335,199.210
5336,201.819
5337,137.555
5338,206.116
5339,255.907
5340,297.301
5341,244.159
5342,290.177
5343,311.908
5344,422.400
5345,436.258
5346,462.227
5347,464.168
5348,349.658
5349,404.939
5350,356.336
5351,433.854
5352,421.826
5353,404.817
5354,406.509
5355,490.423
5356,388.656
5357,376.676
5358,397.203
5359,361.541
5360,343.363
5361,343.096
5362,260.231
5363,229.595
5364,242.130
5365,272.089
5366,255.690
5367,273.990
5368,266.434
5369,283.333
5370,288.908
5371,287.100
5372,327.837
5373,331.660
5374,344.735
5375,344.704
5376,348.979
5377,384.107
5378,327.833
5379,290.951
5380,312.866
5381,298.807
5382,307.122
5383,263.248
5384,272.097
5385,355.470
5386,347.745
5387,289.202
5388,216.393
5389,169.034
5390,224.199
5391,262.803
5392,249.807
5393,210.238
5394,243.983
5395,243.158
5396,183.737
5397,239.048
5398,199.373
5399,265.086
5400,243.864
5401,247.485
5402,223.550
5403,223.448
5404,224.179
5405,224.592
5406,233.771
5407,230.256
5408,215.929
5409,204.352
5410,189.285
5411,188.948
5412,197.817
5413,198.974
5414,205.594
5415,218.734
5416,198.807
5417,240.957
5418,244.213
5419,289.811
5420,189.658
5421,304.903
5422,270.676
5423,284.541
5424,341.478
5425,337.447
5426,279.701
5427,305.309
5428,236.471
5429,248.994
5430,224.654
5431,219.379
5432,218.383
5433,220.476
5434,215.752
5435,225.657
5436,218.638
5437,223.147
5438,222.029
5439,242.324
5440,236.339
5441,226.100
5442,221.996
5443,228.281
5444,210.356
5445,210.995
5446,203.671
5447,201.972
5448,197.943
5449,193.708
5450,201.179
5451,210.664
5452,221.725
5453,228.393
5454,230.302
5455,229.349
5456,235.297
5457,231.118
5458,219.714
5459,237.785
5460,237.937
5461,238.320
5462,235.667
5463,220.918
5464,209.520
5465,212.581
5466,216.766
5467,191.665
5468,187.932
5469,158.478
5470,171.921
5471,147.988
5472,145.161
5473,91.177
5474,88.849
5475,76.790
5476,80.374
5477,56.756
5478,65.499
5479,73.429
5480,64.266
5481,49.090
5482,47.068
5483,47.607
5484,41.090
5485,42.869
5486,52.865
5487,49.441
5488,47.271
5489,58.144
5490,58.744
5491,72.593
5492,77.481
5493,109.218
5494,119.380
5495,129.854
5496,196.682
5497,189.662
5498,193.814
5499,193.619
5500,223.930
5501,224.073
5502,246.753
5503,299.941
5504,262.815
5505,346.209
5506,314.781
5507,317.446
5508,322.271
5509,309.664
5510,335.665
5511,320.215
5512,291.263
5513,305.263
5514,228.118
5515,234.427
5516,239.210
5517,258.935
5518,206.397
5519,210.306
5520,216.938
5521,229.490
5522,248.851
5523,240.245
5524,260.593
5525,296.179
5526,290.549
5527,326.305
5528,322.595
5529,392.061
5530,293.026
5531,261.617
5532,284.907
5533,258.025
5534,200.724
5535,210.808
5536,255.470
5537,202.634
5538,206.332
5539,193.231
5540,147.420
5541,129.666
5542,133.769
5543,120.005
5544,126.484
5545,109.090
5546,100.723
5547,88.122
5548,104.434
5549,86.364
5550,84.087
5551,89.242
5552,90.370
5553,94.913
5554,106.138
5555,102.148
5556,107.598
5557,107.923
5558,107.420
5559,122.348
5560,106.565
5561,94.670
5562,100.728
5563,78.132
5564,66.382
5565,73.587
5566,68.676
5567,59.378
5568,62.978
5569,58.615
5570,69.385
5571,80.411
5572,96.283
5573,112.993
5574,138.355
5575,144.291
5576,185.943
5577,131.884
5578,159.015
5579,158.168
5580,129.121
5581,117.784
5582,115.316
5583,94.712
5584,85.360
5585,73.238
5586,81.361
5587,76.471
5588,62.924
5589,43.202
5590,54.988
5591,49.291
5592,34.580
5593,44.243
5594,51.445
5595,47.769
5596,49.406
5597,61.864
5598,56.161
5599,57.351
5600,60.084
5601,57.928
5602,60.959
5603,59.450
5604,53.563
5605,64.138
5606,77.053
5607,61.579
5608,62.622
5609,69.728
5610,69.933
5611,55.013
5612,60.983
5613,62.629
5614,65.935
5615,52.894
5616,54.297
5617,55.250
5618,49.980
5619,51.524
5620,54.316
5621,56.391
5622,60.328
5623,55.601
5624,56.210
5625,57.404
5626,60.020
5627,55.772
5628,62.214
5629,67.790
5630,67.916
5631,62.741
5632,61.329
5633,61.164
5634,58.254
5635,57.828
5636,57.926
5637,58.164
5638,58.482
5639,65.843
5640,68.716
5641,75.688
5642,83.817
5643,59.041
5644,111.894
5645,108.000
5646,118.416
5647,132.301
5648,138.021
5649,144.326
5650,152.781
5651,146.228
5652,145.172
5653,150.764
5654,129.699
5655,136.510
5656,129.564
5657,139.474
5658,101.271
5659,134.154
5660,138.206
5661,100.834
5662,63.393
5663,52.284
5664,51.265
5665,48.499
5666,65.104
5667,58.949
5668,41.310
5669,44.953
5670,60.470
5671,59.249
5672,62.631
5673,84.341
5674,120.161
5675,110.190
5676,154.618
5677,169.058
5678,192.948
5679,219.342
5680,184.490
5681,164.995
5682,285.571
5683,341.449
5684,215.964
5685,261.004
5686,383.317
5687,330.929
5688,353.158
5689,346.503
5690,341.246
5691,319.046
5692,401.303
5693,356.579
5694,380.459
5695,380.153
5696,412.366
5697,358.032
5698,366.160
5699,376.258
5700,346.660
5701,365.899
5702,408.299
5703,298.840
5704,487.532
5705,497.530
5706,509.618
5707,614.692
5708,587.407
5709,584.655
5710,654.668
5711,666.136
5712,647.420
5713,711.554
5714,745.151
5715,753.452
5716,798.268
5717,898.798
5718,901.674
5719,970.621
5720,914.711
5721,987.155
5722,868.280
5723,942.734
5724,924.487
5725,1038.477
5726,923.047
5727,966.807
5728,1031.170
5729,1026.528
5730,1032.818
5731,1039.838
5732,1040.279
5733,1049.860
5734,1097.939
5735,1066.344
5736,1091.404
5737,1103.121
5738,1096.173
5739,1151.268
5740,1194.709
5741,1202.301
5742,1272.404
5743,1250.448
5744,1267.654
5745,1294.824
5746,1335.223
5747,1297.784
5748,1319.691
5749,1351.065
5750,1412.006
5751,1431.265
5752,1441.246
5753,1469.446
5754,1527.832
5755,1518.234
5756,1530.960
5757,1543.030
5758,1582.731
5759,1575.020
5760,1589.189
5761,1588.704
5762,1628.940
5763,1564.962
5764,1566.406
5765,1555.095
5766,1601.709
5767,1569.961
5768,1551.531
5769,1587.573
5770,1640.912
5771,1663.099
5772,1713.265
5773,1769.131
5774,1820.479
5775,1804.958
5776,1831.886
5777,1867.130
5778,1941.709
5779,1895.409
5780,1932.873
5781,1939.893
5782,2003.002
5783,1976.323
5784,1990.958
5785,2000.043
5786,2033.680
5787,1983.951
5788,1975.078
5789,1924.239
5790,1930.788
5791,1711.891
5792,1498.920
5793,1289.666
5794,1073.734
5795,839.837
5796,656.484
5797,492.389
5798,366.627
5799,262.570
5800,211.453
5801,153.807
5802,137.383
5803,113.518
5804,95.477
5805,65.089
5806,126.854
5807,90.811
5808,59.040
5809,83.147
5810,84.377
5811,133.563
5812,168.989
5813,159.251
5814,157.549
5815,174.524
5816,247.550
5817,332.530
5818,652.185
5819,1055.671
5820,1314.967
5821,1649.432
5822,1853.510
5823,1990.099
5824,2014.846
5825,2093.850
5826,2155.943
5827,2174.795
5828,2235.296
5829,2276.996
5830,2307.538
5831,2293.777
5832,2230.343
5833,2267.727
5834,2261.885
5835,2135.485
5836,2043.042
5837,2121.121
5838,2108.597
5839,2000.581
5840,2009.756
5841,1970.591
5842,1684.242
5843,1839.898
5844,2044.601
5845,1965.548
5846,1997.398
5847,1968.319
5848,1925.481
5849,1926.210
5850,1916.583
5851,1711.342
5852,1755.571
5853,1463.928
5854,1350.349
5855,1298.309
5856,898.223
5857,1025.664
5858,1112.119
5859,1185.515
5860,1175.782
5861,1225.829
5862,1337.772
5863,1357.920
5864,1404.145
5865,1314.848
5866,1416.906
5867,1166.283
5868,1172.937
5869,1073.767
5870,944.440
5871,955.050
5872,1034.763
5873,997.771
5874,987.178
5875,1005.369
5876,1149.185
5877,993.604
5878,1077.283
5879,1104.206
5880,1095.079
5881,1101.330
5882,1118.215
5883,1123.773
5884,1136.696
5885,1157.915
5886,1152.733
5887,1183.731
5888,1194.364
5889,1173.557
5890,1225.833
5891,1200.158
5892,1201.535
5893,1198.573
5894,1212.528
5895,1186.435
5896,1185.772
5897,1179.636
5898,1190.393
5899,1154.321
5900,1144.959
5901,1125.292
5902,1122.512
5903,1046.303
5904,1004.226
5905,954.913
5906,914.461
5907,799.293
5908,702.482
5909,641.044
5910,511.371
5911,486.944
5912,420.024
5913,417.906
5914,366.485
5915,389.428
5916,349.478
5917,339.055
5918,346.937
5919,335.947
5920,338.478
5921,321.222
5922,315.572
5923,284.682
5924,268.734
5925,260.609
5926,261.862
5927,232.882
5928,226.734
5929,209.447
5930,191.540
5931,108.635
5932,102.023
5933,95.330
5934,90.720
5935,95.647
5936,153.776
5937,134.508
5938,131.102
5939,124.582
5940,125.311
5941,141.519
5942,132.745
5943,149.036
5944,143.897
5945,133.482
5946,101.739
5947,88.815
5948,119.493
5949,124.189
5950,121.028
5951,114.760
5952,120.276
5953,131.010
5954,141.013
5955,153.702
5956,179.317
5957,192.637
5958,191.221
5959,178.458
5960,191.909
5961,191.041
5962,182.583
5963,179.589
5964,182.613
5965,182.217
5966,185.256
5967,184.042
5968,173.718
5969,183.931
5970,202.548
5971,210.533
5972,212.193
5973,218.435
5974,221.200
5975,226.918
5976,232.747
5977,236.305
5978,248.013
5979,261.551
5980,256.659
5981,256.379
5982,267.603
5983,282.090
5984,301.241
5985,328.800
5986,360.132
5987,386.476
5988,407.120
5989,423.566
5990,433.790
5991,443.749
5992,451.877
5993,456.133
5994,467.133
5995,486.069
5996,495.275
5997,515.286
5998,530.499
5999,546.116
6000,538.814
6001,540.006
6002,497.715
6003,533.776
6004,475.521
6005,515.716
6006,549.490
6007,534.423
6008,592.342
6009,538.963
6010,493.904
6011,504.196
6012,469.685
6013,501.256
6014,461.749
6015,436.169
6016,429.741
6017,391.881
6018,435.147
6019,437.843
6020,440.162
6021,445.291
6022,487.595
6023,496.766
6024,416.553
6025,410.251
6026,432.274
6027,485.008
6028,504.290
6029,491.450
6030,539.404
6031,507.476
6032,593.707
6033,591.792
6034,583.192
6035,599.919
6036,694.396
6037,648.059
6038,770.523
6039,737.512
6040,724.104
6041,677.755
6042,630.714
6043,637.893
6044,628.149
6045,634.874
6046,620.435
6047,613.484
6048,534.558
6049,540.391
6050,562.823
6051,512.745
6052,523.696
6053,544.158
6054,520.205
6055,555.593
6056,563.834
6057,568.149
6058,574.699
6059,591.548
6060,605.522
6061,629.584
6062,662.335
6063,697.958
6064,719.514
6065,740.735
6066,761.733
6067,772.569
6068,792.571
6069,810.614
6070,820.008
6071,823.596
6072,833.610
6073,835.691
6074,839.101
6075,839.796
6076,841.161
6077,841.014
6078,849.290
6079,851.672
6080,839.880
6081,824.862
6082,813.691
6083,769.263
6084,772.147
6085,766.683
6086,751.066
6087,712.058
6088,697.231
6089,693.766
6090,702.706
6091,705.114
6092,704.535
6093,721.282
6094,709.718
6095,679.173
6096,648.896
6097,643.418
6098,639.553
6099,659.359
6100,686.537
6101,698.316
6102,722.726
6103,708.905
6104,684.241
6105,664.354
6106,642.308
6107,637.567
6108,639.877
6109,664.986
6110,668.862
6111,666.625
6112,668.487
6113,654.085
6114,637.060
6115,597.057
6116,530.051
6117,504.504
6118,482.834
6119,471.766
6120,466.745
6121,464.338
6122,466.483
6123,469.581
6124,455.716
6125,454.087
6126,439.816
6127,436.778
6128,422.388
6129,420.234
6130,418.404
6131,425.002
6132,423.809
6133,421.146
6134,414.884
6135,411.990
6136,407.783
6137,404.096
6138,405.243
6139,410.774
6140,418.551
6141,420.787
6142,428.847
6143,433.657
6144,455.155
6145,456.087
6146,463.239
6147,466.578
6148,468.348
6149,489.305
6150,501.079
6151,515.690
6152,539.685
6153,568.631
6154,596.360
6155,612.808
6156,619.700
6157,644.851
6158,665.027
6159,706.593
6160,716.174
6161,692.684
6162,666.104
6163,611.378
6164,606.211
6165,607.997
6166,625.034
6167,635.434
6168,724.714
6169,692.074
6170,628.548
6171,643.732
6172,624.996
6173,585.890
6174,658.050
6175,677.808
6176,759.912
6177,760.430
6178,769.990
6179,790.905
6180,792.022
6181,782.204
6182,798.314
6183,697.888
6184,675.263
6185,656.738
6186,528.584
6187,458.878
6188,391.616
6189,316.141
6190,389.791
6191,408.214
6192,321.606
6193,297.919
6194,269.691
6195,285.775
6196,279.280
6197,294.241
6198,368.696
6199,322.666
6200,246.800
6201,314.334
6202,385.392
6203,197.100
6204,570.012
6205,595.885
6206,520.623
6207,611.020
6208,427.455
6209,380.058
6210,545.011
6211,390.986
6212,217.127
6213,253.819
6214,391.951
6215,144.961
6216,231.155
6217,262.321
6218,265.784
6219,268.133
6220,260.781
6221,305.470
6222,308.729
6223,238.789
6224,364.210
6225,374.381
6226,363.406
6227,400.673
6228,417.047
6229,376.467
6230,468.142
6231,497.185
6232,495.002
6233,521.399
6234,547.546
6235,568.165
6236,585.247
6237,598.466
6238,639.215
6239,702.937
6240,710.175
6241,806.882
6242,895.993
6243,919.628
6244,934.103
6245,939.566
6246,890.913
6247,868.484
6248,816.190
6249,800.220
6250,612.609
6251,598.170
6252,570.540
6253,670.768
6254,566.523
6255,582.159
6256,669.005
6257,699.448
6258,690.135
6259,692.614
6260,821.917
6261,822.064
6262,852.155
6263,845.118
6264,831.987
6265,748.200
6266,857.322
6267,894.207
6268,936.250
6269,919.506
6270,906.937
6271,933.500
6272,1004.794
6273,1057.777
6274,1078.211
6275,1296.506
6276,1289.431
6277,1511.605
6278,1529.715
6279,1688.931
6280,1761.694
6281,1855.879
6282,1879.651
6283,2110.933
6284,1966.975
6285,2163.838
6286,2194.247
6287,2183.058
6288,2302.717
6289,2316.463
6290,2528.573
6291,2660.581
6292,2552.263
6293,2575.822
6294,2455.349
6295,2514.471
6296,2451.269
6297,2530.407
6298,2666.893
6299,2615.384
6300,2319.386
6301,2336.389
6302,2007.836
6303,1805.923
6304,1519.085
6305,1802.087
6306,1642.564
6307,1517.816
6308,1391.925
6309,1108.785
6310,1176.182
6311,952.607
6312,853.954
6313,861.574
6314,648.626
6315,615.425
6316,579.756
6317,467.114
6318,442.731
6319,415.116
6320,373.162
6321,320.377
6322,313.823
6323,275.368
6324,264.647
6325,262.516
6326,240.376
6327,222.119
6328,217.902
6329,210.982
6330,123.515
6331,208.961
6332,166.367
6333,122.187
6334,175.656
6335,88.865
6336,97.788
6337,89.675
6338,67.301
6339,61.933
6340,63.629
6341,55.121
6342,55.932
6343,49.473
6344,51.870
6345,52.522
6346,60.265
6347,59.758
6348,99.442
6349,32.597
6350,36.830
6351,34.703
6352,23.371
6353,21.944
6354,23.127
6355,31.394
6356,24.671
6357,18.578
6358,29.187
6359,37.077
6360,31.839
6361,37.481
6362,44.690
6363,44.739
6364,71.789
6365,85.496
6366,158.427
6367,78.066
6368,84.075
6369,171.149
6370,181.425
6371,178.620
6372,187.615
6373,124.614
6374,92.106
6375,78.364
6376,60.484
6377,55.366
6378,56.924
6379,59.334
6380,57.555
6381,60.902
6382,58.565
6383,60.104
6384,43.977
6385,52.171
6386,54.287
6387,49.632
6388,54.264
6389,67.475
6390,71.514
6391,80.881
6392,79.475
6393,75.206
6394,72.204
6395,41.914
6396,49.121
6397,48.478
6398,51.475
6399,59.580
6400,76.178
6401,97.957
6402,103.768
6403,129.381
6404,143.465
6405,42.494
6406,58.658
6407,56.937
6408,60.919
6409,67.831
6410,71.287
6411,79.130
6412,89.570
6413,105.267
6414,125.116
6415,151.714
6416,188.506
6417,210.468
6418,229.069
6419,219.194
6420,200.104
6421,150.879
6422,131.914
6423,99.098
6424,97.359
6425,59.563
6426,63.548
6427,69.846
6428,72.995
6429,84.090
6430,97.167
6431,118.328
6432,131.413
6433,152.368
6434,180.526
6435,250.902
6436,243.274
6437,169.774
6438,195.288
6439,248.517
6440,316.639
6441,258.197
6442,268.761
6443,297.607
6444,299.973
6445,284.079
6446,296.620
6447,306.040
6448,350.262
6449,374.340
6450,401.253
6451,395.658
6452,395.414
6453,397.187
6454,409.810
6455,431.595
6456,419.286
6457,425.648
6458,419.470
6459,396.787
6460,389.438
6461,357.599
6462,352.357
6463,352.622
6464,339.084
6465,316.349
6466,322.270
6467,326.757
6468,278.872
6469,347.424
6470,321.124
6471,369.675
6472,366.761
6473,371.815
6474,369.047
6475,381.161
6476,405.342
6477,401.483
6478,376.720
6479,392.717
6480,370.192
6481,407.885
6482,442.070
6483,451.866
6484,482.709
6485,502.567
6486,536.893
6487,568.779
6488,559.371
6489,551.968
6490,563.347
6491,580.859
6492,578.703
6493,424.911
6494,501.907
6495,385.912
6496,517.911
6497,566.185
6498,381.141
6499,491.956
6500,396.120
6501,487.231
6502,525.537
6503,509.466
6504,524.845
6505,476.014
6506,434.623
6507,449.537
6508,425.821
6509,448.853
6510,423.324
6511,394.028
6512,327.204
6513,294.960
6514,236.745
6515,164.110
6516,218.225
6517,132.657
6518,125.078
6519,163.261
6520,221.173
6521,168.026
6522,136.884
6523,84.031
6524,67.603
6525,98.789
6526,127.364
6527,90.507
6528,57.987
6529,67.546
6530,57.381
6531,59.967
6532,64.816
6533,61.311
6534,61.361
6535,63.882
6536,74.105
6537,95.720
6538,111.556
6539,131.479
6540,155.694
6541,178.308
6542,191.612
6543,150.632
6544,232.585
6545,213.587
6546,204.708
6547,225.422
6548,238.005
6549,250.116
6550,256.150
6551,242.896
6552,245.935
6553,233.238
6554,186.055
6555,115.525
6556,69.457
6557,69.854
6558,80.579
6559,83.009
6560,85.687
6561,93.179
6562,95.867
6563,148.714
6564,258.889
6565,259.650
6566,349.771
6567,377.087
6568,309.306
6569,150.697
6570,136.461
6571,124.112
6572,107.138
6573,101.652
6574,107.224
6575,128.086
6576,138.021
6577,148.235
6578,164.233
6579,157.843
6580,176.181
6581,205.755
6582,227.756
6583,189.755
6584,132.999
6585,157.968
6586,145.462
6587,153.460
6588,177.597
6589,139.011
6590,140.938
6591,140.015
6592,156.126
6593,175.971
6594,170.886
6595,190.291
6596,187.155
6597,175.551
6598,156.842
6599,106.009
6600,269.076
6601,73.213
6602,144.106
6603,79.875
6604,153.299
6605,122.524
6606,141.684
6607,147.912
6608,154.023
6609,109.800
6610,281.398
6611,128.894
6612,320.051
6613,267.006
6614,337.693
6615,495.453
6616,457.827
6617,486.333
6618,556.326
6619,523.677
6620,492.195
6621,597.924
6622,485.195
6623,447.001
6624,549.556
6625,447.111
6626,506.474
6627,501.713
6628,551.944
6629,550.177
6630,530.585
6631,541.946
6632,451.231
6633,260.897
6634,272.556
6635,345.699
6636,273.545
6637,313.665
6638,259.078
6639,266.334
6640,318.636
6641,328.296
6642,322.765
6643,385.524
6644,334.870
6645,385.451
6646,370.758
6647,342.180
6648,350.302
6649,347.430
6650,356.451
6651,385.576
6652,398.556
6653,402.563
6654,391.820
6655,387.976
6656,368.448
6657,381.909
6658,386.332
6659,366.515
6660,362.997
6661,359.713
6662,362.941
6663,323.561
6664,294.207
6665,386.114
6666,259.297
6667,252.493
6668,262.179
6669,236.412
6670,239.152
6671,306.213
6672,236.293
6673,231.120
6674,270.255
6675,277.443
6676,273.561
6677,304.538
6678,302.215
6679,299.166
6680,343.532
6681,299.300
6682,285.630
6683,300.502
6684,226.427
6685,295.042
6686,267.197
6687,272.057
6688,279.863
6689,292.100
6690,292.835
6691,315.761
6692,266.941
6693,318.386
6694,324.598
6695,337.467
6696,327.267
6697,295.252
6698,353.156
6699,300.978
6700,295.028
6701,344.643
6702,330.218
6703,331.521
6704,309.048
6705,296.646
6706,316.365
6707,314.382
6708,331.910
6709,323.474
6710,360.545
6711,360.042
6712,358.077
6713,341.224
6714,355.900
6715,341.529
6716,327.128
6717,342.800
6718,308.247
6719,292.148
6720,282.718
6721,251.187
6722,263.107
6723,259.029
6724,260.819
6725,276.436
6726,280.009
6727,288.871
6728,277.276
6729,284.002
6730,271.269
6731,269.291
6732,262.089
6733,261.222
6734,263.346
6735,272.325
6736,255.582
6737,253.199
6738,275.393
6739,267.953
6740,288.168
6741,295.767
6742,331.619
6743,327.141
6744,353.726
6745,310.493
6746,377.564
6747,367.849
6748,379.963
6749,396.148
6750,397.610
6751,367.811
6752,383.375
6753,359.230
6754,390.182
6755,314.662
6756,325.208
6757,282.378
6758,261.748
6759,225.465
6760,209.180
6761,214.428
6762,192.705
6763,208.656
6764,222.787
6765,218.634
6766,211.939
6767,233.158
6768,213.067
6769,216.353
6770,224.879
6771,263.671
6772,266.371
6773,261.074
6774,280.159
6775,310.849
6776,294.189
6777,306.300
6778,340.077
6779,349.179
6780,401.213
6781,409.440
6782,470.920
6783,466.539
6784,499.615
6785,531.636
6786,524.123
6787,537.258
6788,526.640
6789,561.354
6790,540.927
6791,522.722
6792,554.447
6793,626.392
6794,602.793
6795,632.661
6796,648.274
6797,655.913
6798,696.525
6799,690.679
6800,697.570
6801,669.372
6802,649.385
6803,661.270
6804,601.188
6805,658.716
6806,616.614
6807,629.415
6808,617.498
6809,630.775
6810,604.618
6811,619.733
6812,601.667
6813,585.742
6814,583.018
6815,589.484
6816,569.261
6817,594.010
6818,578.363
6819,575.978
6820,584.142
6821,584.077
6822,578.293
6823,562.391
6824,553.146
6825,556.775
6826,572.626
6827,562.079
6828,561.902
6829,582.220
6830,547.343
6831,499.128
6832,540.538
6833,519.175
6834,533.617
6835,491.471
6836,573.969
6837,529.495
6838,489.890
6839,529.580
6840,426.561
6841,415.483
6842,409.186
6843,423.597
6844,410.334
6845,429.515
6846,437.545
6847,397.409
6848,442.953
6849,405.414
6850,409.639
6851,432.927
6852,384.128
6853,399.771
6854,389.031
6855,375.136
6856,426.658
6857,417.571
6858,431.174
6859,432.083
6860,451.651
6861,426.259
6862,471.026
6863,417.755
6864,440.684
6865,461.414
6866,461.332
6867,494.050
6868,521.131
6869,543.244
6870,607.515
6871,574.878
6872,597.290
6873,639.271
6874,628.827
6875,630.744
6876,653.587
6877,645.037
6878,578.692
6879,642.217
6880,568.679
6881,593.071
6882,590.649
6883,653.897
6884,613.485
6885,643.634
6886,630.685
6887,596.597
6888,626.054
6889,580.267
6890,626.328
6891,593.343
6892,530.951
6893,539.690
6894,534.235
6895,526.455
6896,559.585
6897,530.545
6898,543.166
6899,489.691
6900,526.045
6901,551.162
6902,522.758
6903,569.158
6904,546.384
6905,574.551
6906,578.950
6907,545.736
6908,539.318
6909,549.006
6910,532.256
6911,559.629
6912,515.776
6913,522.091
6914,521.948
6915,504.001
6916,486.875
6917,513.473
6918,446.914
6919,435.519
6920,421.778
6921,362.811
6922,336.993
6923,320.368
6924,304.563
6925,276.235
6926,229.934
6927,191.312
6928,148.262
6929,140.192
6930,130.898
6931,109.484
6932,117.253
6933,109.430
6934,122.537
6935,125.130
6936,140.161
6937,124.250
6938,135.375
6939,118.022
6940,112.859
6941,101.416
6942,94.773
6943,105.741
6944,117.980
6945,134.319
6946,168.869
6947,193.685
6948,217.680
6949,187.656
6950,250.723
6951,252.442
6952,276.493
6953,359.527
6954,440.833
6955,462.881
6956,464.849
6957,481.454
6958,496.667
6959,539.741
6960,573.642
6961,519.499
6962,487.723
6963,373.307
6964,330.947
6965,310.205
6966,270.523
6967,140.499
6968,123.256
6969,113.460
6970,124.279
6971,171.983
6972,158.419
6973,187.366
6974,160.398
6975,142.514
6976,179.169
6977,171.416
6978,164.043
6979,156.221
6980,131.714
6981,107.534
6982,191.784
6983,196.365
6984,192.974
6985,213.053
6986,222.638
6987,216.116
6988,174.638
6989,182.945
6990,172.166
6991,213.474
6992,216.140
6993,224.349
6994,221.052
6995,198.321
6996,214.740
6997,184.017
6998,173.196
6999,216.266
7000,187.581
7001,193.093
7002,210.932
7003,217.122
7004,201.569
7005,226.424
7006,231.121
7007,214.494
7008,233.752
7009,255.586
7010,270.266
7011,279.423
7012,288.747
7013,299.018
7014,262.404
7015,271.657
7016,261.582
7017,269.205
7018,247.124
7019,244.902
7020,249.990
7021,249.052
7022,261.769
7023,282.521
7024,291.214
7025,289.189
7026,306.018
7027,278.778
7028,285.271
7029,271.145
7030,269.624
7031,267.103
7032,259.236
7033,260.381
7034,255.076
7035,236.781
7036,236.710
7037,234.132
7038,225.603
7039,227.580
7040,219.912
7041,211.879
7042,208.755
7043,208.844
7044,209.058
7045,205.347
7046,200.552
7047,198.192
7048,208.314
7049,210.944
7050,216.020
7051,231.207
7052,233.819
7053,228.681
7054,237.836
7055,228.812
7056,234.435
7057,241.095
7058,241.928
7059,247.733
7060,229.172
7061,235.404
7062,239.157
7063,240.487
7064,249.756
7065,226.623
7066,233.911
7067,216.748
7068,194.113
7069,210.218
7070,217.126
7071,189.744
7072,189.771
7073,230.981
7074,179.685
7075,177.804
7076,204.503
7077,203.384
7078,203.612
7079,197.752
7080,234.956
7081,228.404
7082,203.801
7083,243.544
7084,276.333
7085,252.924
7086,251.867
7087,242.310
7088,246.621
7089,253.351
7090,245.178
7091,257.230
7092,257.817
7093,252.863
7094,245.068
7095,268.740
7096,287.283
7097,298.555
7098,308.943
7099,324.079
7100,339.143
7101,399.491
7102,402.642
7103,424.450
7104,431.557
7105,412.146
7106,426.595
7107,381.247
7108,409.320
7109,407.075
7110,422.541
7111,458.647
7112,433.208
7113,462.506
7114,441.102
7115,436.026
7116,404.607
7117,362.623
7118,232.773
7119,207.400
7120,193.296
7121,178.463
7122,173.055
7123,151.640
7124,138.005
7125,131.590
7126,103.945
7127,99.896
7128,95.365
7129,79.565
7130,57.634
7131,125.128
7132,87.199
7133,110.773
7134,107.377
7135,120.744
7136,79.134
7137,90.307
7138,101.296
7139,91.230
7140,77.229
7141,64.233
7142,101.601
7143,64.356
7144,77.826
7145,83.552
7146,86.463
7147,72.224
7148,100.658
7149,104.546
7150,113.722
7151,124.127
7152,154.434
7153,167.201
7154,162.806
7155,187.328
7156,145.800
7157,151.124
7158,156.990
7159,124.923
7160,129.143
7161,126.990
7162,123.168
7163,92.216
7164,84.333
7165,74.042
7166,64.320
7167,52.489
7168,36.332
7169,29.010
7170,26.144
7171,25.954
7172,21.503
7173,22.602
7174,31.917
7175,49.557
7176,70.255
7177,77.529
7178,93.548
7179,85.951
7180,76.803
7181,70.653
7182,64.024
7183,64.085
7184,68.696
7185,77.083
7186,83.672
7187,90.065
7188,71.826
7189,57.284
7190,54.666
7191,58.506
7192,54.038
7193,44.476
7194,54.127
7195,61.799
7196,34.043
7197,30.406
7198,29.695
7199,39.038
7200,48.620
7201,43.010
7202,47.863
7203,46.385
7204,36.173
7205,39.615
7206,42.613
7207,42.359
7208,41.051
7209,38.257
7210,30.190
7211,36.685
7212,47.553
7213,39.213
7214,53.192
7215,58.456
7216,71.313
7217,80.450
7218,84.784
7219,89.573
7220,54.262
7221,67.043
7222,58.632
7223,45.261
7224,37.697
7225,40.636
7226,27.784
7227,20.414
7228,14.555
7229,9.675
7230,5.850
7231,6.243
7232,4.707
7233,5.435
7234,5.020
7235,6.138
7236,4.829
7237,5.253
7238,5.028
7239,5.982
7240,5.405
7241,6.134
7242,7.113
7243,8.504
7244,6.053
7245,6.389
7246,7.411
7247,9.056
7248,7.621
7249,4.300
7250,3.444
7251,3.363
7252,2.778
7253,4.382
7254,5.630
7255,9.124
7256,15.918
7257,18.466
7258,23.358
7259,21.658
7260,23.772
7261,23.723
7262,28.090
7263,12.703
7264,22.812
7265,27.749
7266,14.246
7267,12.965
7268,14.524
7269,17.755
7270,15.530
7271,11.500
7272,11.509
7273,12.989
7274,11.950
7275,16.833
7276,15.134
7277,8.576
7278,7.794
7279,9.270
7280,8.495
7281,7.925
7282,7.498
7283,8.913
7284,7.509
7285,8.097
7286,8.771
7287,10.710
7288,12.010
7289,12.665
7290,12.922
7291,16.213
7292,15.155
7293,18.445
7294,25.234
7295,35.458
7296,43.306
7297,47.198
7298,53.098
7299,65.917
7300,81.871
7301,91.974
7302,102.365
7303,107.688
7304,112.739
7305,113.949
7306,107.030
7307,97.243
7308,92.890
7309,80.711
7310,73.539
7311,34.416
7312,46.871
7313,30.755
7314,24.229
7315,27.678
7316,41.527
7317,34.482
7318,26.555
7319,47.507
7320,56.388
7321,82.713
7322,107.875
7323,157.997
7324,201.466
7325,290.686
7326,144.114
7327,64.374
7328,170.606
7329,156.353
7330,153.382
7331,121.617
7332,246.498
7333,232.567
7334,217.911
7335,296.501
7336,204.146
7337,240.539
7338,232.977
7339,181.751
7340,152.614
7341,139.453
7342,133.347
7343,127.040
7344,137.942
7345,131.450
7346,131.730
7347,131.048
7348,127.091
7349,116.520
7350,108.380
7351,107.657
7352,104.524
7353,101.027
7354,99.960
7355,107.731
7356,99.764
7357,91.493
7358,99.440
7359,104.479
7360,103.163
7361,103.997
7362,107.478
7363,112.010
7364,110.509
7365,112.804
7366,112.103
7367,111.084
7368,114.511
7369,113.978
7370,113.879
7371,116.135
7372,118.023
7373,117.778
7374,118.963
7375,117.855
7376,121.376
7377,123.496
7378,118.415
7379,117.216
7380,111.177
7381,105.619
7382,108.667
7383,100.561
7384,102.701
7385,103.778
7386,101.307
7387,92.901
7388,96.172
7389,106.414
7390,107.864
7391,112.236
7392,120.462
7393,118.226
7394,104.980
7395,83.736
7396,96.579
7397,109.559
7398,110.906
7399,113.100
7400,104.185
7401,102.738
7402,123.966
7403,128.873
7404,135.039
7405,130.599
7406,129.737
7407,134.713
7408,144.052
7409,145.147
7410,147.820
7411,154.708
7412,142.306
7413,137.795
7414,139.055
7415,127.347
7416,120.876
7417,128.059
7418,115.783
7419,105.326
7420,115.400
7421,119.992
7422,129.118
7423,132.983
7424,143.482
7425,156.824
7426,171.550
7427,177.429
7428,178.913
7429,180.781
7430,179.077
7431,138.986
7432,150.263
7433,143.104
7434,127.553
7435,130.926
7436,129.643
7437,135.255
7438,139.602
7439,137.897
7440,138.996
7441,151.672
7442,132.557
7443,151.405
7444,154.469
7445,134.701
7446,155.573
7447,155.454
7448,145.833
7449,155.612
7450,150.153
7451,149.968
7452,153.024
7453,162.241
7454,148.706
7455,168.423
7456,137.912
7457,134.414
7458,138.386
7459,126.849
7460,147.560
7461,123.543
7462,137.372
7463,142.469
7464,141.020
7465,160.623
7466,135.916
7467,147.771
7468,171.611
7469,146.274
7470,163.759
7471,165.363
7472,147.246
7473,164.652
7474,177.780
7475,165.186
7476,171.765
7477,181.044
7478,172.392
7479,176.396
7480,200.247
7481,188.007
7482,208.799
7483,206.007
7484,198.878
7485,238.770
7486,230.862
7487,225.727
7488,231.843
7489,236.146
7490,230.719
7491,239.137
7492,238.644
7493,234.682
7494,257.181
7495,247.903
7496,263.829
7497,258.524
7498,260.354
7499,259.453
7500,239.666
7501,226.910
7502,250.461
7503,224.442
7504,221.787
7505,239.685
7506,238.253
7507,237.039
7508,250.205
7509,291.386
7510,269.919
7511,275.322
7512,313.157
7513,260.285
7514,294.973
7515,302.732
7516,268.390
7517,310.382
7518,306.634
7519,296.983
7520,325.958
7521,335.008
7522,329.036
7523,336.987
7524,333.043
7525,304.959
7526,341.061
7527,340.532
7528,357.324
7529,385.824
7530,393.649
7531,408.702
7532,437.647
7533,444.003
7534,457.762
7535,452.712
7536,480.321
7537,504.931
7538,515.794
7539,525.038
7540,535.349
7541,545.146
7542,550.209
7543,550.158
7544,556.465
7545,556.731
7546,573.705
7547,585.987
7548,593.672
7549,597.780
7550,603.517
7551,604.562
7552,602.981
7553,592.458
7554,595.825
7555,595.283
7556,593.366
7557,601.705
7558,609.683
7559,613.351
7560,615.734
7561,615.991
7562,623.681
7563,625.981
7564,630.124
7565,632.070
7566,640.659
7567,635.323
7568,638.356
7569,640.410
7570,604.029
7571,572.255
7572,520.097
7573,522.265
7574,443.046
7575,376.588
7576,373.802
7577,374.266
7578,378.973
7579,384.548
7580,393.202
7581,403.177
7582,402.881
7583,388.311
7584,387.504
7585,356.983
7586,318.567
7587,343.672
7588,335.730
7589,337.864
7590,348.804
7591,307.961
7592,295.915
7593,292.130
7594,283.157
7595,281.914
7596,288.772
7597,302.900
7598,309.827
7599,332.272
7600,334.318
7601,341.422
7602,310.297
7603,199.605
7604,197.359
7605,244.242
7606,171.020
7607,175.211
7608,185.731
7609,177.786
7610,146.516
7611,167.648
7612,143.857
7613,133.750
7614,133.521
7615,163.988
7616,139.238
7617,199.839
7618,177.319
7619,212.149
7620,226.874
7621,249.150
7622,242.419
7623,289.931
7624,335.976
7625,328.524
7626,341.848
7627,341.462
7628,334.688
7629,327.419
7630,324.581
7631,327.416
7632,294.349
7633,291.693
7634,280.386
7635,268.902
7636,261.119
7637,255.985
7638,245.018
7639,234.656
7640,230.102
7641,218.129
7642,198.995
7643,186.718
7644,176.454
7645,171.366
7646,172.575
7647,170.263
7648,165.251
7649,163.082
7650,173.574
7651,184.684
7652,190.083
7653,197.254
7654,198.437
7655,197.362
7656,194.307
7657,185.722
7658,179.715
7659,172.707
7660,152.358
7661,148.746
7662,150.044
7663,148.602
7664,143.976
7665,143.106
7666,136.046
7667,131.907
7668,128.217
7669,128.869
7670,123.346
7671,111.534
7672,106.516
7673,104.284
7674,103.357
7675,104.169
7676,93.834
7677,113.043
7678,120.312
7679,99.452
7680,101.181
7681,114.705
7682,108.909
7683,97.862
7684,94.933
7685,103.853
7686,77.275
7687,102.327
7688,90.308
7689,89.552
7690,124.170
7691,116.497
7692,117.492
7693,119.425
7694,132.610
7695,144.624
7696,147.619
7697,141.764
7698,155.896
7699,146.613
7700,151.072
7701,143.298
7702,119.730
7703,96.630
7704,67.737
7705,116.519
7706,133.334
7707,108.184
7708,121.512
7709,123.896
7710,117.597
7711,117.748
7712,112.249
7713,104.269
7714,108.973
7715,104.492
7716,100.102
7717,101.730
7718,96.538
7719,93.215
7720,90.121
7721,82.718
7722,82.251
7723,74.553
7724,69.106
7725,70.880
7726,95.842
7727,87.217
7728,93.344
7729,93.619
7730,95.772
7731,80.518
7732,60.162
7733,58.361
7734,110.791
7735,133.031
7736,115.914
7737,140.826
7738,173.572
7739,183.993
7740,189.699
7741,186.577
7742,171.094
7743,161.936
7744,164.630
7745,148.724
7746,131.857
7747,137.393
7748,131.619
7749,129.430
7750,138.161
7751,126.488
7752,146.347
7753,160.832
7754,166.368
7755,165.093
7756,179.254
7757,183.907
7758,178.243
7759,160.030
7760,103.563
7761,106.681
7762,118.103
7763,109.199
7764,127.589
7765,126.055
7766,125.012
7767,117.625
7768,123.646
7769,129.819
7770,130.564
7771,124.396
7772,128.308
7773,124.919
7774,118.961
7775,125.543
7776,124.530
7777,121.889
7778,123.213
7779,119.095
7780,118.258
7781,123.163
7782,125.950
7783,139.589
7784,151.825
7785,164.489
7786,176.467
7787,184.228
7788,196.095
7789,204.801
7790,208.547
7791,210.866
7792,204.441
7793,190.511
7794,189.175
7795,192.411
7796,202.638
7797,209.267
7798,209.933
7799,209.441
7800,214.724
7801,221.684
7802,228.768
7803,237.462
7804,236.532
7805,245.724
7806,254.652
7807,255.579
7808,252.931
7809,259.378
7810,284.007
7811,288.513
7812,296.491
7813,310.407
7814,319.639
7815,334.445
7816,330.325
7817,337.246
7818,333.645
7819,331.907
7820,333.128
7821,307.481
7822,296.445
7823,281.134
7824,264.332
7825,263.783
7826,254.583
7827,250.146
7828,238.607
7829,242.026
7830,243.319
7831,239.520
7832,231.029
7833,225.311
7834,232.654
7835,206.463
7836,213.329
7837,212.764
7838,195.223
7839,197.385
7840,186.961
7841,179.070
7842,172.004
7843,155.539
7844,128.567
7845,135.555
7846,132.700
7847,142.657
7848,160.754
7849,190.766
7850,231.796
7851,271.796
7852,302.934
7853,342.963
7854,374.435
7855,381.736
7856,400.873
7857,423.608
7858,432.061
7859,455.762
7860,468.883
7861,475.461
7862,485.567
7863,516.127
7864,533.586
7865,552.872
7866,583.072
7867,605.244
7868,626.388
7869,652.840
7870,670.545
7871,677.243
7872,680.988
7873,681.520
7874,672.044
7875,688.102
7876,670.262
7877,695.540
7878,701.915
7879,692.156
7880,689.813
7881,682.475
7882,675.252
7883,693.496
7884,664.167
7885,587.094
7886,548.691
7887,557.394
7888,540.005
7889,526.478
7890,511.215
7891,477.308
7892,458.556
7893,440.376
7894,428.257
7895,412.364
7896,410.935
7897,437.118
7898,436.341
7899,412.118
7900,380.639
7901,349.111
7902,284.179
7903,146.145
7904,108.962
7905,130.597
7906,181.634
7907,172.523
7908,163.159
7909,98.160
7910,183.686
7911,168.332
7912,223.543
7913,179.593
7914,171.904
7915,275.373
7916,318.420
7917,329.047
7918,353.098
7919,347.110
7920,348.601
7921,336.967
7922,331.804
7923,308.928
7924,295.366
7925,286.106
7926,278.680
7927,284.530
7928,288.060
7929,312.441
7930,352.897
7931,371.538
7932,357.703
7933,296.530
7934,269.052
7935,195.784
7936,188.935
7937,325.224
7938,310.123
7939,276.341
7940,334.605
7941,301.534
7942,259.813
7943,257.948
7944,252.000
7945,285.087
7946,294.937
7947,287.083
7948,305.449
7949,301.182
7950,274.096
7951,288.786
7952,308.259
7953,310.540
7954,302.002
7955,294.591
7956,313.936
7957,297.800
7958,279.596
7959,290.321
7960,313.918
7961,219.729
7962,174.991
7963,215.518
7964,163.635
7965,99.232
7966,262.689
7967,225.466
7968,149.458
7969,336.626
7970,201.209
7971,187.157
7972,237.266
7973,216.036
7974,232.272
7975,255.972
7976,279.226
7977,281.486
7978,310.970
7979,301.711
7980,311.046
7981,326.386
7982,318.632
7983,308.438
7984,327.275
7985,318.621
7986,315.549
7987,327.278
7988,314.114
7989,325.929
7990,329.981
7991,331.986
7992,334.651
7993,352.250
7994,359.448
7995,358.450
7996,340.278
7997,311.171
7998,325.897
7999,313.929
8000,304.102
8001,305.009
8002,298.314
8003,278.256
8004,310.683
8005,331.791
8006,296.191
8007,335.656
8008,288.484
8009,245.415
8010,261.719
8011,202.329
8012,137.569
8013,208.531
8014,139.751
8015,127.607
8016,142.748
8017,120.046
8018,126.653
8019,115.505
8020,100.764
8021,109.307
8022,86.439
8023,87.096
8024,90.229
8025,82.276
8026,77.579
8027,72.540
8028,72.697
8029,74.107
8030,78.042
8031,71.815
8032,68.979
8033,81.688
8034,84.861
8035,91.193
8036,104.059
8037,106.229
8038,112.717
8039,121.077
8040,129.970
8041,136.634
8042,143.137
8043,146.800
8044,152.454
8045,163.419
8046,173.652
8047,179.921
8048,191.341
8049,193.237
8050,193.522
8051,198.749
8052,202.528
8053,209.687
8054,223.123
8055,230.744
8056,232.012
8057,233.198
8058,245.521
8059,245.873
8060,259.059
8061,269.015
8062,280.817
8063,285.459
8064,292.134
8065,289.134
8066,302.432
8067,322.337
8068,327.041
8069,332.716
8070,342.935
8071,350.778
8072,348.339
8073,353.993
8074,352.611
8075,359.651
8076,354.201
8077,360.602
8078,372.820
8079,368.834
8080,374.601
8081,386.769
8082,385.543
8083,384.213
8084,378.354
8085,382.065
8086,389.034
8087,390.374
8088,388.553
8089,399.318
8090,385.526
8091,378.971
8092,370.327
8093,362.450
8094,363.748
8095,376.099
8096,357.670
8097,359.661
8098,350.557
8099,342.214
8100,363.711
8101,341.488
8102,327.710
8103,356.140
8104,318.556
8105,310.103
8106,329.219
8107,302.067
8108,311.344
8109,317.778
8110,278.169
8111,242.800
8112,181.680
8113,188.627
8114,162.156
8115,154.015
8116,162.166
8117,177.475
8118,202.961
8119,222.060
8120,236.533
8121,244.735
8122,247.485
8123,257.307
8124,241.382
8125,263.303
8126,215.110
8127,202.895
8128,202.836
8129,207.988
8130,223.904
8131,236.222
8132,245.612
8133,234.018
8134,227.332
8135,212.150
8136,194.118
8137,187.881
8138,163.529
8139,149.408
8140,155.671
8141,165.976
8142,157.707
8143,155.219
8144,158.023
8145,154.688
8146,141.200
8147,144.742
8148,147.518
8149,124.199
8150,132.172
8151,133.630
8152,126.728
8153,111.198
8154,107.216
8155,104.250
8156,118.218
8157,134.741
8158,147.899
8159,153.631
8160,139.292
8161,132.535
8162,133.816
8163,134.728
8164,126.416
8165,128.248
8166,137.443
8167,147.524
8168,154.019
8169,165.202
8170,175.945
8171,181.516
8172,191.575
8173,203.967
8174,219.869
8175,236.870
8176,247.682
8177,262.086
8178,280.256
8179,258.699
8180,261.610
8181,226.345
8182,168.773
8183,173.315
8184,157.403
8185,155.740
8186,183.915
8187,169.354
8188,204.131
8189,231.060
8190,233.064
8191,239.470
8192,247.120
8193,258.058
8194,240.474
8195,289.863
8196,294.218
8197,311.122
8198,264.404
8199,313.170
8200,313.089
8201,283.766
8202,283.713
8203,327.385
8204,349.367
8205,290.193
8206,308.208
8207,294.447
8208,281.039
8209,290.600
8210,274.211
8211,241.183
8212,148.747
8213,123.249
8214,193.413
8215,209.328
8216,229.719
8217,231.513
8218,265.589
8219,300.772
8220,266.443
8221,273.496
8222,207.039
8223,211.921
8224,175.116
8225,195.272
8226,215.537
8227,220.489
8228,265.225
8229,299.143
8230,267.696
8231,334.161
8232,301.517
8233,290.168
8234,307.226
8235,313.832
8236,348.527
8237,372.089
8238,383.829
8239,400.867
8240,285.580
8241,293.804
8242,222.561
8243,199.877
8244,252.325
8245,205.789
8246,158.507
8247,195.155
8248,213.332
8249,243.944
8250,270.294
8251,202.671
8252,186.863
8253,180.849
8254,148.192
8255,134.685
8256,127.977
8257,135.466
8258,130.338
8259,138.862
8260,151.439
8261,107.697
8262,114.697
8263,149.734
8264,153.342
8265,163.577
8266,184.755
8267,140.682
8268,134.418
8269,128.809
8270,119.743
8271,84.221
8272,72.020
8273,99.738
8274,111.688
8275,67.753
8276,64.496
8277,103.688
8278,100.421
8279,112.613
8280,142.215
8281,175.953
8282,185.325
8283,180.088
8284,158.757
8285,260.209
8286,252.839
8287,214.796
8288,225.510
8289,169.180
8290,122.821
8291,144.374
8292,166.015
8293,128.732
8294,175.339
8295,166.814
8296,250.005
8297,271.943
8298,299.359
8299,328.269
8300,348.245
8301,340.184
8302,327.395
8303,383.897
8304,394.298
8305,392.734
8306,357.940
8307,398.710
8308,382.860
8309,274.719
8310,360.834
8311,347.112
8312,315.956
8313,257.158
8314,235.735
8315,232.050
8316,218.046
8317,229.486
8318,237.608
8319,237.636
8320,235.541
8321,234.303
8322,223.512
8323,205.974
8324,198.914
8325,212.119
8326,224.104
8327,211.330
8328,237.864
8329,241.831
8330,218.966
8331,202.146
8332,271.611
8333,330.713
8334,182.895
8335,289.492
8336,165.863
8337,277.129
8338,332.504
8339,341.176
8340,339.330
8341,295.042
8342,271.974
8343,242.676
8344,209.416
8345,193.897
8346,166.831
8347,195.754
8348,178.135
8349,116.465
8350,51.752
8351,95.070
8352,73.269
8353,80.353
8354,72.553
8355,82.591
8356,136.066
8357,206.988
8358,228.297
8359,245.513
8360,260.283
8361,226.563
8362,232.692
8363,227.731
8364,188.468
8365,168.190
8366,117.075
8367,94.865
8368,53.106
8369,25.158
8370,29.949
8371,26.537
8372,59.581
8373,57.869
8374,230.640
8375,76.220
8376,204.869
8377,140.862
8378,104.245
8379,251.762
8380,297.673
8381,267.336
8382,247.187
8383,209.557
8384,101.409
8385,63.809
8386,51.119
8387,41.891
8388,24.458
8389,18.500
8390,13.434
8391,19.484
8392,14.187
8393,13.413
8394,14.123
8395,18.510
8396,22.919
8397,24.713
8398,29.251
8399,8.771
8400,11.508
8401,9.107
8402,9.362
8403,4.529
8404,5.004
8405,7.252
8406,8.210
8407,7.265
8408,4.602
8409,5.126
8410,8.312
8411,7.583
8412,11.897
8413,17.035
8414,23.487
8415,21.421
8416,22.530
8417,30.410
8418,42.322
8419,62.134
8420,116.889
8421,126.643
8422,152.477
8423,201.370
8424,250.096
8425,253.438
8426,249.650
8427,291.708
8428,302.694
8429,309.905
8430,304.004
8431,295.357
8432,348.949
8433,344.922
8434,461.536
8435,382.276
8436,380.132
8437,494.694
8438,522.607
8439,375.795
8440,303.990
8441,280.466
8442,244.965
8443,284.314
8444,307.702
8445,249.511
8446,219.047
8447,166.687
8448,123.343
8449,81.159
8450,132.144
8451,86.613
8452,68.601
8453,39.905
8454,54.082
8455,75.462
8456,63.617
8457,51.096
8458,56.444
8459,53.044
8460,40.615
8461,32.816
8462,28.263
8463,21.652
8464,17.583
8465,13.222
8466,11.100
8467,10.102
8468,10.909
8469,12.318
8470,13.178
8471,14.952
8472,15.146
8473,18.051
8474,20.238
8475,20.150
8476,20.311
8477,23.749
8478,26.278
8479,23.153
8480,24.710
8481,29.500
8482,31.464
8483,26.400
8484,26.324
8485,27.203
8486,26.794
8487,25.794
8488,22.993
8489,22.228
8490,20.445
8491,21.746
8492,23.885
8493,23.765
8494,29.078
8495,27.695
8496,33.072
8497,39.915
8498,43.113
8499,45.780
8500,51.688
8501,56.343
8502,55.267
8503,65.119
8504,63.899
8505,59.789
8506,61.983
8507,58.504
8508,52.884
8509,53.292
8510,51.176
8511,45.321
8512,45.037
8513,46.419
8514,41.460
8515,40.350
8516,37.626
8517,31.791
8518,35.140
8519,37.637
8520,44.686
8521,55.953
8522,60.066
8523,52.653
8524,54.906
8525,58.825
8526,63.577
8527,66.892
8528,74.976
8529,83.188
8530,91.530
8531,98.276
8532,109.217
8533,124.101
8534,123.491
8535,121.784
8536,124.834
8537,121.302
8538,120.642
8539,103.432
8540,108.214
8541,111.733
8542,102.801
8543,107.884
8544,114.153
8545,132.273
8546,138.619
8547,163.672
8548,186.245
8549,224.886
8550,237.786
8551,257.418
8552,263.664
8553,265.926
8554,262.787
8555,234.785
8556,164.357
8557,147.582
8558,144.821
8559,163.534
8560,146.761
8561,178.668
8562,195.293
8563,204.811
8564,210.583
8565,214.972
8566,218.876
8567,223.140
8568,226.362
8569,231.699
8570,225.865
8571,232.805
8572,224.273
8573,217.236
8574,203.933
8575,193.233
8576,201.132
8577,199.485
8578,212.206
8579,198.436
8580,181.871
8581,172.611
8582,174.362
8583,172.717
8584,133.898
8585,137.662
8586,134.718
8587,59.147
8588,70.520
8589,100.298
8590,83.629
8591,84.072
8592,96.817
8593,107.794
8594,110.762
8595,104.604
8596,107.837
8597,117.142
8598,90.257
8599,86.148
8600,90.634
8601,63.115
8602,66.390
8603,98.587
8604,90.216
8605,90.118
8606,99.822
8607,102.847
8608,117.741
8609,120.636
8610,129.983
8611,176.092
8612,168.188
8613,138.050
8614,209.641
8615,235.888
8616,259.348
8617,286.668
8618,315.059
8619,333.402
8620,355.333
8621,357.330
8622,303.185
8623,241.811
8624,249.415
8625,250.399
8626,278.809
8627,287.116
8628,221.805
8629,286.675
8630,318.675
8631,354.004
8632,366.917
8633,384.941
8634,406.501
8635,420.941
8636,439.504
8637,451.891
8638,454.713
8639,456.023
8640,469.115
8641,443.352
8642,448.532
8643,434.929
8644,425.965
8645,417.528
8646,425.925
8647,439.145
8648,496.487
8649,507.981
8650,523.057
8651,508.141
8652,431.797
8653,418.695
8654,397.532
8655,387.039
8656,375.087
8657,365.331
8658,381.047
8659,382.851
8660,379.074
8661,376.119
8662,377.223
8663,359.370
8664,301.283
8665,269.280
8666,308.819
8667,328.942
8668,316.720
8669,329.118
8670,337.042
8671,321.226
8672,297.975
8673,310.736
8674,321.718
8675,305.914
8676,300.370
8677,308.951
8678,316.434
8679,314.222
8680,302.984
8681,317.199
8682,316.234
8683,310.601
8684,308.118
8685,305.099
8686,295.772
8687,313.471
8688,297.508
8689,303.662
8690,276.203
8691,290.464
8692,189.877
8693,215.291
8694,287.581
8695,268.112
8696,300.685
8697,307.442
8698,328.644
8699,329.894
8700,336.341
8701,340.861
8702,336.953
8703,294.994
8704,303.606
8705,283.927
8706,287.023
8707,263.973
8708,259.888
8709,248.003
8710,226.821
8711,179.495
8712,182.081
8713,184.531
8714,183.296
8715,185.010
8716,226.483
8717,221.575
8718,221.187
8719,219.525
8720,202.573
8721,177.466
8722,180.711
8723,138.365
8724,145.774
8725,171.639
8726,187.668
8727,204.768
8728,226.564
8729,238.393
8730,233.723
8731,217.921
8732,178.839
8733,146.311
8734,147.563
8735,149.738
8736,169.686
8737,156.755
8738,154.941
8739,134.654
8740,135.119
8741,128.848
8742,128.820
8743,146.408
8744,153.910
8745,158.617
8746,155.774
8747,154.673
8748,150.876
8749,139.657
8750,146.805
8751,152.604
8752,154.383
8753,147.092
8754,130.673
8755,155.917
8756,160.013
8757,138.408
8758,172.912
8759,173.545
8760,152.325
8761,177.916
8762,134.349
8763,139.843
8764,195.926
8765,150.975
8766,158.906
8767,184.536
8768,152.597
8769,139.506
8770,145.712
8771,146.909
8772,140.302
8773,195.446
8774,182.324
8775,130.734
8776,149.712
8777,240.146
8778,266.506
8779,199.669
8780,245.693
8781,265.000
8782,256.312
8783,256.752
8784,275.271
8785,285.562
8786,277.784
8787,245.186
8788,142.597
8789,152.173
8790,133.102
8791,131.120
8792,126.934
8793,121.548
8794,123.162
8795,126.747
8796,126.983
8797,129.428
8798,126.590
8799,116.660
8800,137.544
8801,118.362
8802,141.640
8803,185.933
8804,170.669
8805,190.194
8806,192.183
8807,186.392
8808,187.855
8809,187.446
8810,168.473
8811,171.429
8812,167.521
8813,158.587
8814,171.846
8815,175.558
8816,178.096
8817,141.876
8818,216.404
8819,294.811
8820,270.946
8821,282.335
8822,248.918
8823,238.522
8824,215.194
8825,203.947
8826,180.894
8827,183.259
8828,177.278
8829,181.243
8830,148.928
8831,137.832
8832,130.455
8833,114.189
8834,108.247
8835,89.253
8836,71.434
8837,66.211
8838,61.564
8839,36.099
8840,29.997
8841,29.155
8842,23.074
8843,39.130
8844,23.186
8845,30.304
8846,25.072
8847,56.034
8848,80.484
8849,60.196
8850,53.253
8851,57.986
8852,63.802
8853,87.876
8854,88.005
8855,104.427
8856,98.435
8857,89.358
8858,67.600
8859,63.481
8860,58.684
8861,60.349
8862,60.482
8863,64.702
8864,39.981
8865,43.031
8866,68.423
8867,62.353
8868,90.373
8869,111.717
8870,75.001
8871,117.917
8872,188.460
8873,222.893
8874,230.372
8875,212.783
8876,167.520
8877,177.259
8878,208.136
8879,239.448
8880,251.107
8881,142.905
8882,96.739
8883,96.782
8884,187.508
8885,211.348
8886,211.635
8887,243.754
8888,240.680
8889,243.523
8890,146.606
8891,138.324
8892,172.888
8893,158.852
8894,143.232
8895,224.072
8896,247.508
8897,351.915
8898,391.749
8899,449.692
8900,478.669
8901,487.840
8902,628.175
8903,663.736
8904,644.419
8905,632.346
8906,701.604
8907,658.402
8908,673.140
8909,687.710
8910,735.283
8911,806.366
8912,872.515
8913,930.136
8914,920.374
8915,749.213
8916,639.965
8917,729.266
8918,842.656
8919,630.956
8920,618.626
8921,674.189
8922,687.233
8923,806.814
8924,815.443
8925,879.938
8926,687.326
8927,936.149
8928,862.269
8929,914.426
8930,974.731
8931,993.841
8932,959.638
8933,966.884
8934,960.072
8935,971.944
8936,991.483
8937,1000.532
8938,955.790
8939,967.486
8940,955.423
8941,956.154
8942,938.376
8943,891.269
8944,939.592
8945,935.901
8946,917.164
8947,894.651
8948,872.234
8949,836.001
8950,783.578
8951,793.816
8952,818.616
8953,607.490
8954,362.478
8955,374.876
8956,310.236
8957,409.776
8958,376.213
8959,460.534
8960,494.269
8961,574.582
8962,526.301
8963,487.954
8964,451.409
8965,466.108
8966,493.983
8967,566.526
8968,662.637
8969,884.006
8970,869.916
8971,703.991
8972,641.298
8973,561.651
8974,352.839
8975,360.439
8976,259.911
8977,265.039
8978,211.705
8979,144.544
8980,144.750
8981,147.788
8982,113.670
8983,106.928
8984,101.707
8985,103.674
8986,120.459
8987,131.706
8988,166.874
8989,243.224
8990,292.336
8991,344.877
8992,292.510
8993,244.585
8994,399.025
8995,318.334
8996,249.399
8997,430.523
8998,421.481
8999,464.828
9000,435.178
9001,338.509
9002,661.708
9003,265.807
9004,560.003
9005,508.110
9006,459.581
9007,413.023
9008,396.575
9009,293.158
9010,266.619
9011,248.776
9012,287.496
9013,268.974
9014,281.147
9015,333.497
9016,411.916
9017,431.955
9018,455.947
9019,422.695
9020,295.642
9021,349.932
9022,620.831
9023,216.739
9024,152.657
9025,295.588
9026,175.818
9027,154.499
9028,147.753
9029,168.567
9030,88.773
9031,200.025
9032,98.066
9033,112.660
9034,144.840
9035,140.134
9036,73.198
9037,70.800
9038,110.215
9039,64.879
9040,45.598
9041,106.666
9042,72.957
9043,51.118
9044,86.276
9045,72.968
9046,64.510
9047,112.880
9048,58.172
9049,45.643
9050,48.352
9051,40.140
9052,35.688
9053,36.639
9054,31.066
9055,29.257
9056,21.300
9057,22.999
9058,23.960
9059,19.435
9060,25.822
9061,27.465
9062,34.155
9063,44.713
9064,47.119
9065,67.539
9066,79.784
9067,80.630
9068,95.310
9069,96.665
9070,101.472
9071,108.307
9072,109.740
9073,110.272
9074,101.092
9075,94.966
9076,107.963
9077,101.303
9078,117.920
9079,109.448
9080,114.104
9081,140.559
9082,130.002
9083,134.382
9084,150.468
9085,115.229
9086,107.857
9087,116.457
9088,126.958
9089,149.201
9090,163.053
9091,180.977
9092,191.044
9093,165.208
9094,172.482
9095,184.275
9096,182.710
9097,179.765
9098,136.614
9099,135.833
9100,117.713
9101,112.790
9102,83.955
9103,51.735
9104,65.633
9105,62.844
9106,39.383
9107,38.216
9108,54.244
9109,60.922
9110,56.029
9111,48.544
9112,45.736
9113,30.204
9114,28.895
9115,25.141
9116,24.936
9117,24.595
9118,20.734
9119,23.432
9120,24.906
9121,21.729
9122,19.880
9123,19.262
9124,21.094
9125,19.466
9126,16.229
9127,15.803
9128,17.475
9129,14.436
9130,15.643
9131,11.360
9132,11.921
9133,16.557
9134,12.210
9135,11.530
9136,17.077
9137,30.477
9138,23.022
9139,34.853
9140,26.648
9141,18.049
9142,14.018
9143,20.983
9144,20.120
9145,22.774
9146,26.932
9147,13.665
9148,11.522
9149,12.685
9150,12.452
9151,13.597
9152,15.092
9153,13.433
9154,13.329
9155,14.307
9156,16.719
9157,19.116
9158,28.031
9159,29.138
9160,24.311
9161,35.541
9162,37.505
9163,39.877
9164,46.559
9165,64.356
9166,54.335
9167,94.601
9168,125.060
9169,142.655
9170,168.164
9171,205.569
9172,275.382
9173,322.162
9174,299.158
9175,216.099
9176,226.014
9177,237.506
9178,243.789
9179,339.383
9180,237.942
9181,175.763
9182,230.147
9183,232.664
9184,230.144
9185,321.369
9186,312.415
9187,361.859
9188,336.716
9189,417.070
9190,442.802
9191,391.504
9192,481.861
9193,533.534
9194,411.489
9195,525.241
9196,781.196
9197,592.484
9198,598.145
9199,509.289
9200,501.736
9201,499.584
9202,532.917
9203,679.711
9204,727.557
9205,819.269
9206,647.366
9207,547.555
9208,558.482
9209,598.007
9210,465.162
9211,565.379
9212,566.105
9213,597.094
9214,712.748
9215,797.297
9216,889.288
9217,973.422
9218,1022.820
9219,1079.202
9220,927.790
9221,1072.332
9222,938.659
9223,973.919
9224,899.105
9225,992.190
9226,973.934
9227,1053.877
9228,1038.396
9229,1020.129
9230,881.241
9231,1007.558
9232,1092.471
9233,822.377
9234,971.656
9235,970.897
9236,737.292
9237,802.733
9238,798.449
9239,580.172
9240,575.008
9241,713.460
9242,620.830
9243,642.709
9244,675.564
9245,633.711
9246,637.507
9247,604.565
9248,631.563
9249,706.112
9250,667.287
9251,712.402
9252,739.408
9253,773.141
9254,763.851
9255,795.017
9256,793.711
9257,778.309
9258,774.652
9259,765.832
9260,772.664
9261,754.122
9262,750.563
9263,770.313
9264,758.964
9265,755.379
9266,753.841
9267,756.821
9268,750.203
9269,808.390
9270,746.859
9271,761.898
9272,758.626
9273,751.738
9274,730.153
9275,748.945
9276,735.076
9277,878.755
9278,754.231
9279,726.487
9280,803.229
9281,758.500
9282,858.855
9283,798.836
9284,829.716
9285,757.939
9286,871.220
9287,759.088
9288,813.327
9289,783.944
9290,784.237
9291,767.529
9292,780.055
9293,765.066
9294,756.909
9295,687.706
9296,731.486
9297,703.184
9298,691.858
9299,673.116
9300,685.966
9301,663.761
9302,698.821
9303,665.762
9304,685.438
9305,727.814
9306,724.209
9307,753.968
9308,722.160
9309,756.548
9310,729.557
9311,728.468
9312,775.026
9313,733.649
9314,725.040
9315,732.544
9316,711.428
9317,697.174
9318,709.421
9319,679.392
9320,703.382
9321,712.027
9322,705.741
9323,690.037
9324,691.232
9325,661.981
9326,681.192
9327,667.701
9328,659.728
9329,629.699
9330,666.672
9331,593.655
9332,579.259
9333,562.868
9334,549.749
9335,534.330
9336,541.611
9337,532.661
9338,535.470
9339,522.642
9340,548.313
9341,533.087
9342,506.411
9343,503.643
9344,497.245
9345,452.605
9346,465.953
9347,427.262
9348,407.170
9349,351.461
9350,318.004
9351,298.437
9352,300.057
9353,280.836
9354,270.006
9355,265.038
9356,255.880
9357,271.865
9358,271.915
9359,299.773
9360,287.930
9361,266.609
9362,234.957
9363,239.789
9364,220.539
9365,250.686
9366,245.000
9367,234.692
9368,269.410
9369,204.034
9370,228.584
9371,211.056
9372,194.834
9373,220.247
9374,232.881
9375,226.012
9376,231.991
9377,230.714
9378,224.085
9379,218.005
9380,218.526
9381,215.214
9382,168.489
9383,201.296
9384,188.861
9385,172.754
9386,214.392
9387,202.618
9388,213.804
9389,229.711
9390,226.384
9391,237.218
9392,247.261
9393,250.363
9394,258.378
9395,265.922
9396,255.604
9397,240.591
9398,230.681
9399,225.820
9400,220.149
9401,202.329
9402,204.378
9403,197.578
9404,195.163
9405,184.639
9406,158.042
9407,135.339
9408,137.554
9409,149.354
9410,171.812
9411,195.534
9412,194.861
9413,177.798
9414,190.808
9415,172.514
9416,160.172
9417,174.124
9418,160.741
9419,153.341
9420,151.574
9421,147.738
9422,138.256
9423,139.367
9424,132.527
9425,136.193
9426,134.658
9427,154.926
9428,165.643
9429,183.536
9430,195.226
9431,190.720
9432,170.540
9433,173.904
9434,175.198
9435,179.119
9436,173.359
9437,168.586
9438,170.973
9439,167.923
9440,179.615
9441,174.385
9442,173.648
9443,170.904
9444,160.176
9445,180.370
9446,168.356
9447,174.804
9448,167.596
9449,149.390
9450,145.642
9451,176.284
9452,158.613
9453,155.724
9454,165.262
9455,152.774
9456,167.258
9457,178.941
9458,162.848
9459,116.727
9460,69.213
9461,46.172
9462,61.332
9463,87.822
9464,74.621
9465,89.482
9466,124.770
9467,132.408
9468,122.955
9469,122.406
9470,84.129
9471,66.808
9472,64.829
9473,69.201
9474,75.368
9475,85.894
9476,107.923
9477,124.763
9478,153.095
9479,158.914
9480,137.360
9481,131.640
9482,127.414
9483,140.887
9484,143.419
9485,156.972
9486,162.658
9487,163.547
9488,186.626
9489,185.319
9490,212.680
9491,218.037
9492,232.757
9493,233.366
9494,238.441
9495,246.414
9496,246.848
9497,254.671
9498,247.162
9499,250.154
9500,250.220
9501,244.180
9502,243.219
9503,239.429
9504,238.831
9505,239.819
9506,234.182
9507,227.844
9508,222.202
9509,209.060
9510,203.864
9511,157.293
9512,131.924
9513,133.721
9514,139.459
9515,139.691
9516,148.105
9517,178.599
9518,146.722
9519,139.050
9520,135.314
9521,117.290
9522,110.894
9523,108.347
9524,91.401
9525,84.677
9526,106.307
9527,82.418
9528,68.216
9529,69.649
9530,64.188
9531,67.458
9532,80.768
9533,79.026
9534,83.891
9535,89.376
9536,104.434
9537,108.237
9538,90.015
9539,63.506
9540,66.743
9541,64.998
9542,81.689
9543,96.562
9544,110.704
9545,147.236
9546,162.831
9547,175.796
9548,195.737
9549,205.538
9550,201.312
9551,205.675
9552,204.703
9553,177.564
9554,137.136
9555,117.077
9556,152.883
9557,153.446
9558,183.543
9559,187.902
9560,192.698
9561,188.264
9562,202.632
9563,201.624
9564,195.031
9565,192.184
9566,195.691
9567,204.562
9568,221.258
9569,230.680
9570,219.852
9571,202.165
9572,139.541
9573,152.605
9574,136.143
9575,131.518
9576,118.236
9577,121.858
9578,122.617
9579,208.648
9580,143.344
9581,202.434
9582,217.179
9583,221.030
9584,204.350
9585,147.213
9586,120.132
9587,156.260
9588,69.213
9589,60.629
9590,40.127
9591,33.531
9592,57.935
9593,115.427
9594,85.423
9595,79.742
9596,117.938
9597,177.737
9598,190.049
9599,219.698
9600,188.807
9601,225.865
9602,208.431
9603,212.367
9604,227.009
9605,226.646
9606,216.294
9607,213.647
9608,205.612
9609,189.985
9610,194.287
9611,184.967
9612,185.404
9613,188.816
9614,197.148
9615,219.205
9616,251.387
9617,267.585
9618,283.225
9619,284.356
9620,276.644
9621,277.285
9622,289.118
9623,293.149
9624,300.942
9625,298.290
9626,299.673
9627,293.295
9628,293.957
9629,298.144
9630,300.342
9631,301.080
9632,294.722
9633,291.052
9634,286.503
9635,278.041
9636,268.936
9637,261.235
9638,258.144
9639,258.192
9640,263.180
9641,270.577
9642,265.802
9643,259.210
9644,257.728
9645,257.475
9646,261.166
9647,258.446
9648,251.570
9649,241.498
9650,232.116
9651,211.916
9652,188.170
9653,177.599
9654,161.983
9655,152.083
9656,140.431
9657,127.210
9658,114.395
9659,106.783
9660,100.040
9661,83.450
9662,82.782
9663,62.268
9664,68.119
9665,57.359
9666,70.285
9667,69.953
9668,67.896
9669,59.140
9670,65.397
9671,68.878
9672,67.131
9673,46.074
9674,58.168
9675,40.701
9676,36.949
9677,37.288
9678,37.244
9679,32.587
9680,29.414
9681,27.677
9682,26.067
9683,24.717
9684,24.206
9685,18.783
9686,18.761
9687,19.449
9688,19.345
9689,21.494
9690,24.178
9691,25.654
9692,27.730
9693,30.776
9694,32.141
9695,38.782
9696,42.333
9697,45.988
9698,56.777
9699,66.291
9700,74.931
9701,77.943
9702,85.421
9703,95.168
9704,87.383
9705,104.411
9706,111.397
9707,115.692
9708,127.668
9709,114.009
9710,108.485
9711,125.021
9712,146.509
9713,165.936
9714,186.291
9715,189.139
9716,206.714
9717,185.018
9718,158.234
9719,153.904
9720,107.200
9721,119.988
9722,83.284
9723,76.950
9724,80.147
9725,79.379
9726,84.739
9727,74.218
9728,90.401
9729,91.865
9730,72.188
9731,80.752
9732,82.704
9733,87.017
9734,78.094
9735,79.727
9736,82.539
9737,87.419
9738,89.993
9739,92.016
9740,95.541
9741,96.235
9742,93.586
9743,89.407
9744,76.994
9745,72.498
9746,68.620
9747,71.750
9748,74.744
9749,84.218
9750,87.640
9751,83.780
9752,90.730
9753,89.459
9754,95.089
9755,95.681
9756,95.630
9757,98.905
9758,104.511
9759,109.362
9760,121.976
9761,117.526
9762,118.454
9763,116.547
9764,116.783
9765,120.205
9766,124.917
9767,133.752
9768,135.826
9769,122.194
9770,123.570
9771,126.209
9772,139.392
9773,155.117
9774,165.863
9775,172.543
9776,175.400
9777,176.798
9778,178.809
9779,165.956
9780,172.928
9781,143.613
9782,186.501
9783,192.323
9784,165.112
9785,173.417
9786,144.975
9787,154.011
9788,163.961
9789,149.659
9790,148.755
9791,147.884
9792,141.808
9793,155.930
9794,119.841
9795,88.659
9796,186.373
9797,123.700
9798,147.105
9799,209.577
9800,219.858
9801,221.087
9802,292.684
9803,289.477
9804,302.471
9805,333.961
9806,331.875
9807,341.162
9808,339.257
9809,359.079
9810,390.990
9811,372.232
9812,364.639
9813,364.996
9814,375.781
9815,378.496
9816,397.018
9817,400.938
9818,403.468
9819,399.198
9820,415.364
9821,437.570
9822,325.717
9823,473.392
9824,464.235
9825,503.145
9826,547.023
9827,557.423
9828,619.128
9829,617.947
9830,611.369
9831,601.391
9832,537.536
9833,602.735
9834,523.941
9835,512.294
9836,509.020
9837,468.271
9838,453.765
9839,432.293
9840,383.133
9841,411.571
9842,370.370
9843,370.411
9844,374.568
9845,375.529
9846,379.810
9847,364.015
9848,400.291
9849,349.592
9850,406.496
9851,413.867
9852,363.955
9853,428.321
9854,410.354
9855,421.585
9856,387.569
9857,389.899
9858,380.542
9859,345.759
9860,341.843
9861,395.291
9862,352.026
9863,342.824
9864,343.373
9865,310.343
9866,330.681
9867,293.528
9868,290.764
9869,281.398
9870,277.503
9871,278.346
9872,264.997
9873,282.753
9874,264.572
9875,289.641
9876,251.860
9877,275.148
9878,267.709
9879,254.140
9880,264.803
9881,268.464
9882,324.085
9883,317.721
9884,330.564
9885,399.101
9886,367.843
9887,419.888
9888,417.404
9889,403.756
9890,389.136
9891,342.797
9892,333.620
9893,296.206
9894,234.096
9895,188.556
9896,179.848
9897,177.191
9898,158.518
9899,154.507
9900,160.713
9901,180.574
9902,202.788
9903,214.406
9904,212.751
9905,212.583
9906,213.630
9907,218.222
9908,240.956
9909,249.613
9910,281.246
9911,294.602
9912,307.962
9913,372.299
9914,368.304
9915,413.015
9916,415.464
9917,411.884
9918,424.007
9919,436.203
9920,444.519
9921,466.856
9922,464.888
9923,474.537
9924,469.609
9925,488.260
9926,478.765
9927,473.306
9928,470.619
9929,465.161
9930,451.420
9931,446.891
9932,437.440
9933,435.364
9934,405.429
9935,399.215
9936,389.104
9937,360.134
9938,386.353
9939,370.282
9940,349.887
9941,350.217
9942,331.490
9943,292.445
9944,309.617
9945,248.776
9946,271.753
9947,286.136
9948,267.844
9949,280.683
9950,282.423
9951,260.617
9952,275.302
9953,247.875
9954,245.810
9955,233.121
9956,223.318
9957,217.172
9958,208.099
9959,196.663
9960,196.010
9961,180.278
9962,193.294
9963,175.865
9964,171.209
9965,174.815
9966,161.813
9967,164.720
9968,152.830
9969,137.454
9970,133.797
9971,146.856
9972,129.813
9973,136.111
9974,118.371
9975,119.451
9976,123.568
9977,115.799
9978,113.491
9979,106.858
9980,116.137
9981,138.509
9982,135.251
9983,133.181
9984,146.865
9985,155.574
9986,166.990
9987,189.548
9988,197.080
9989,186.416
9990,180.921
9991,200.090
9992,208.560
9993,215.282
9994,220.025
9995,234.766
9996,247.716
9997,246.426
9998,217.274
9999,231.905
10000,240.080
10001,235.116
10002,198.526
10003,252.102
10004,237.906
10005,214.990
10006,231.010
10007,209.353
10008,162.147
10009,147.331
10010,95.813
10011,124.723
10012,134.321
10013,139.235
10014,139.533
10015,91.332
10016,84.146
10017,130.268
10018,102.423
10019,72.704
10020,57.458
10021,44.993
10022,41.555
10023,116.031
10024,58.989
10025,88.326
10026,133.934
10027,190.845
10028,255.540
10029,178.309
10030,124.076
10031,157.747
10032,125.449
10033,180.385
10034,190.241
10035,219.318
10036,301.315
10037,334.019
10038,296.038
10039,173.266
10040,179.026
10041,107.605
10042,126.411
10043,123.237
10044,110.388
10045,122.193
10046,169.831
10047,190.949
10048,177.114
10049,175.065
10050,196.356
10051,244.845
10052,213.864
10053,167.765
10054,132.911
10055,150.169
10056,224.182
10057,151.322
10058,155.889
10059,157.403
10060,143.927
10061,159.001
10062,203.468
10063,222.812
10064,264.406
10065,274.204
10066,294.009
10067,305.275
10068,294.128
10069,297.123
10070,277.637
10071,238.272
10072,122.042
10073,100.320
10074,69.671
10075,69.800
10076,87.872
10077,58.222
10078,57.038
10079,71.465
10080,132.166
10081,164.425
10082,182.530
10083,205.438
10084,186.849
10085,159.650
10086,193.971
10087,209.192
10088,85.788
10089,85.516
10090,117.468
10091,83.028
10092,62.847
10093,67.939
10094,47.947
10095,54.591
10096,57.721
10097,85.302
10098,76.288
10099,76.402
10100,207.766
10101,287.593
10102,249.819
10103,114.784
10104,104.305
10105,94.914
10106,37.128
10107,29.910
10108,32.425
10109,36.725
10110,42.602
10111,49.301
10112,69.077
10113,87.178
10114,245.493
10115,312.709
10116,332.208
10117,321.824
10118,304.654
10119,192.509
10120,164.686
10121,252.856
10122,283.759
10123,296.312
10124,299.462
10125,255.601
10126,214.562
10127,164.181
10128,84.748
10129,127.887
10130,81.615
10131,127.565
10132,163.253
10133,185.474
10134,184.471
10135,86.805
10136,21.683
10137,22.376
10138,31.283
10139,57.063
10140,148.124
10141,177.354
10142,243.779
10143,333.163
10144,228.389
10145,197.897
10146,131.692
10147,76.865
10148,57.329
10149,43.301
10150,26.157
10151,38.671
10152,108.012
10153,111.781
10154,101.797
10155,88.832
10156,66.438
10157,64.853
10158,48.210
10159,27.087
10160,39.577
10161,33.661
10162,20.752
10163,19.468
10164,12.545
10165,12.365
10166,11.966
10167,15.214
10168,24.341
10169,34.401
10170,39.663
10171,45.071
10172,49.023
10173,59.969
10174,66.648
10175,36.255
10176,27.088
10177,36.080
10178,32.508
10179,25.674
10180,39.447
10181,39.686
10182,37.960
10183,21.457
10184,20.478
10185,29.051
10186,23.936
10187,37.107
10188,27.657
10189,25.938
10190,22.336
10191,15.215
10192,18.254
10193,19.674
10194,18.880
10195,22.535
10196,24.787
10197,31.915
10198,42.228
10199,49.445
10200,61.734
10201,62.454
10202,58.241
10203,68.419
10204,85.623
10205,91.844
10206,98.289
10207,74.505
10208,52.474
10209,23.355
10210,21.374
10211,24.597
10212,21.124
10213,25.589
10214,44.772
10215,44.019
10216,58.910
10217,58.504
10218,48.704
10219,40.711
10220,22.406
10221,21.856
10222,14.287
10223,11.768
10224,11.023
10225,15.369
10226,26.489
10227,49.167
10228,58.058
10229,38.323
10230,13.775
10231,33.895
10232,15.171
10233,14.548
10234,34.055
10235,63.667
10236,87.952
10237,88.567
10238,89.544
10239,89.947
10240,53.277
10241,26.900
10242,45.355
10243,37.384
10244,46.602
10245,57.680
10246,54.716
10247,47.245
10248,45.572
10249,36.407
10250,36.906
10251,30.264
10252,16.506
10253,20.847
10254,19.305
10255,22.046
10256,28.929
10257,34.526
10258,27.795
10259,32.977
10260,40.879
10261,37.546
10262,47.464
10263,48.929
10264,44.565
10265,48.565
10266,59.546
10267,63.893
10268,73.222
10269,94.270
10270,123.195
10271,157.730
10272,123.962
10273,159.451
10274,189.733
10275,172.597
10276,211.396
10277,194.931
10278,185.820
10279,212.990
10280,239.996
10281,275.774
10282,302.711
10283,267.926
10284,121.080
10285,111.461
10286,61.891
10287,70.610
10288,77.610
10289,83.364
10290,88.761
10291,92.825
10292,88.963
10293,85.408
10294,90.052
10295,95.136
10296,114.721
10297,120.765
10298,138.220
10299,141.080
10300,136.785
10301,138.487
10302,141.153
10303,142.708
10304,122.312
10305,116.190
10306,125.803
10307,141.122
10308,125.210
10309,128.480
10310,142.912
10311,151.558
10312,159.695
10313,185.648
10314,225.900
10315,285.666
10316,380.157
10317,475.301
10318,509.172
10319,479.387
10320,463.907
10321,404.361
10322,364.521
10323,324.325
10324,300.787
10325,282.740
10326,221.483
10327,147.488
10328,137.544
10329,138.334
10330,132.025
10331,127.352
10332,115.049
10333,116.524
10334,83.033
10335,57.984
10336,55.822
10337,121.886
10338,118.312
10339,124.507
10340,138.868
10341,135.659
10342,135.277
10343,133.434
10344,132.663
10345,139.540
10346,148.280
10347,174.290
10348,182.845
10349,193.473
10350,219.977
10351,234.860
10352,252.388
10353,280.467
10354,289.145
10355,314.998
10356,296.392
10357,294.175
10358,281.276
10359,270.438
10360,263.340
10361,277.530
10362,276.211
10363,282.377
10364,291.477
10365,300.119
10366,288.336
10367,309.292
10368,305.334
10369,310.892
10370,275.811
10371,278.971
10372,280.155
10373,242.455
10374,192.514
10375,168.516
10376,88.432
10377,99.070
10378,95.906
10379,88.034
10380,76.877
10381,105.734
10382,95.794
10383,100.973
10384,97.988
10385,90.706
10386,85.609
10387,84.915
10388,85.631
10389,81.842
10390,101.293
10391,103.097
10392,101.377
10393,123.163
10394,119.038
10395,112.457
10396,114.281
10397,109.864
10398,93.320
10399,95.454
10400,92.552
10401,86.543
10402,74.413
10403,92.938
10404,122.969
10405,143.968
10406,120.156
10407,147.146
10408,86.799
10409,67.311
10410,73.662
10411,139.885
10412,81.927
10413,168.372
10414,82.812
10415,79.703
10416,198.176
10417,137.131
10418,199.118
10419,180.846
10420,198.233
10421,202.202
10422,201.749
10423,219.622
10424,226.502
10425,248.195
10426,273.899
10427,277.324
10428,320.339
10429,344.043
10430,344.206
10431,392.600
10432,378.480
10433,382.012
10434,395.731
10435,374.720
10436,380.089
10437,374.973
10438,385.880
10439,385.042
10440,379.768
10441,353.156
10442,403.560
10443,413.248
10444,435.172
10445,446.995
10446,417.086
10447,385.913
10448,345.064
10449,297.538
10450,286.793
10451,270.358
10452,264.954
10453,244.785
10454,251.170
10455,257.588
10456,208.289
10457,158.562
10458,177.447
10459,132.591
10460,167.000
10461,195.041
10462,201.394
10463,222.290
10464,236.145
10465,252.878
10466,273.524
10467,272.412
10468,263.190
10469,284.164
10470,261.582
10471,261.720
10472,281.874
10473,309.811
10474,311.012
10475,291.290
10476,245.891
10477,231.801
10478,227.128
10479,210.479
10480,208.811
10481,205.650
10482,206.674
10483,213.232
10484,214.991
10485,213.145
10486,223.071
10487,226.930
10488,223.140
10489,228.691
10490,224.411
10491,224.731
10492,221.870
10493,222.188
10494,259.673
10495,203.604
10496,233.594
10497,263.833
10498,244.539
10499,273.784
10500,281.313
10501,247.504
10502,301.502
10503,236.492
10504,247.287
10505,269.442
10506,297.958
10507,281.152
10508,311.080
10509,315.201
10510,286.182
10511,377.738
10512,311.559
10513,353.614
10514,380.370
10515,305.054
10516,369.011
10517,314.680
10518,301.834
10519,278.154
10520,336.552
10521,360.418
10522,379.086
10523,438.012
10524,357.141
10525,319.365
10526,330.928
10527,276.811
10528,374.675
10529,381.173
10530,393.105
10531,353.633
10532,385.464
10533,325.133
10534,256.666
10535,414.238
10536,498.187
10537,393.186
10538,503.607
10539,517.700
10540,460.306
10541,521.371
10542,369.952
10543,359.163
10544,513.826
10545,464.720
10546,470.953
10547,335.187
10548,415.049
10549,322.932
10550,592.174
10551,445.757
10552,709.838
10553,602.018
10554,686.297
10555,705.782
10556,702.892
10557,688.402
10558,672.134
10559,661.992
10560,665.413
10561,626.245
10562,642.816
10563,655.187
10564,660.280
10565,660.917
10566,687.045
10567,705.076
10568,708.721
10569,719.132
10570,718.578
10571,676.159
10572,622.362
10573,591.492
10574,679.837
10575,624.704
10576,626.507
10577,629.164
10578,624.209
10579,623.309
10580,616.264
10581,616.408
10582,614.104
10583,602.169
10584,596.799
10585,604.030
10586,604.401
10587,621.385
10588,620.767
10589,632.274
10590,635.573
10591,662.741
10592,695.862
10593,710.867
10594,780.165
10595,833.504
10596,837.875
10597,811.270
10598,803.577
10599,779.014
10600,760.640
10601,694.634
10602,704.639
10603,671.118
10604,670.539
10605,685.599
10606,632.818
10607,610.030
10608,609.748
10609,600.097
10610,604.020
10611,610.788
10612,598.278
10613,586.114
10614,630.244
10615,664.846
10616,691.746
10617,735.556
10618,803.899
10619,808.166
10620,836.622
10621,846.850
10622,838.489
10623,840.476
10624,831.430
10625,791.654
10626,745.556
10627,692.005
10628,668.538
10629,659.954
10630,666.095
10631,693.551
10632,687.918
10633,705.737
10634,717.704
10635,719.619
10636,740.151
10637,794.861
10638,808.945
10639,893.148
10640,893.649
10641,938.901
10642,937.538
10643,933.930
10644,746.433
10645,700.715
10646,681.217
10647,635.209
10648,597.237
10649,553.023
10650,561.495
10651,581.899
10652,574.507
10653,587.386
10654,578.230
10655,583.883
10656,591.118
10657,608.876
10658,612.562
10659,620.219
10660,625.385
10661,630.749
10662,655.150
10663,665.481
10664,664.857
10665,691.619
10666,670.243
10667,674.164
10668,667.724
10669,678.920
10670,687.645
10671,709.794
10672,718.295
10673,728.018
10674,714.243
10675,703.449
10676,699.214
10677,708.588
10678,699.434
10679,686.154
10680,679.315
10681,681.823
10682,668.857
10683,674.813
10684,684.588
10685,689.465
10686,684.701
10687,687.208
10688,686.455
10689,688.372
10690,674.822
10691,670.597
10692,663.455
10693,666.850
10694,623.858
10695,633.025
10696,642.180
10697,663.273
10698,660.577
10699,640.506
10700,608.659
10701,579.310
10702,567.837
10703,562.935
10704,566.213
10705,562.497
10706,581.296
10707,576.798
10708,499.471
10709,480.076
10710,466.888
10711,454.531
10712,437.967
10713,412.229
10714,372.115
10715,341.924
10716,328.868
10717,316.866
10718,313.959
10719,319.513
10720,312.626
10721,306.498
10722,298.167
10723,304.287
10724,310.957
10725,317.873
10726,314.682
10727,308.157
10728,298.520
10729,283.109
10730,272.740
10731,269.466
10732,260.657
10733,262.249
10734,243.090
10735,244.426
10736,254.639
10737,251.587
10738,256.125
10739,255.711
10740,255.735
10741,255.871
10742,242.399
10743,233.416
10744,219.592
10745,211.266
10746,208.423
10747,207.008
10748,205.966
10749,206.530
10750,204.419
10751,199.625
10752,196.810
10753,207.053
10754,217.865
10755,230.706
10756,240.506
10757,246.205
10758,253.822
10759,258.000
10760,262.005
10761,263.718
10762,262.560
10763,258.170
10764,245.388
10765,254.454
10766,224.654
10767,207.367
10768,255.184
10769,179.960
10770,254.518
10771,258.438
10772,260.777
10773,261.299
10774,263.079
10775,254.419
10776,285.232
10777,289.801
10778,298.889
10779,307.677
10780,317.066
10781,330.777
10782,325.246
10783,326.667
10784,326.200
10785,320.043
10786,321.644
10787,346.430
10788,366.080
10789,379.629
10790,382.807
10791,391.634
10792,386.722
10793,395.283
10794,402.301
10795,397.803
10796,394.275
10797,389.618
10798,397.776
10799,397.041
10800,398.010
10801,382.586
10802,382.801
10803,387.648
10804,370.860
10805,372.005
10806,384.044
10807,378.420
10808,395.659
10809,394.268
10810,403.155
10811,404.668
10812,404.751
10813,396.213
10814,403.681
10815,394.276
10816,391.901
10817,387.514
10818,380.388
10819,381.218
10820,367.533
10821,354.739
10822,350.465
10823,344.450
10824,337.551
10825,344.160
10826,352.935
10827,349.264
10828,352.576
10829,348.788
10830,339.532
10831,328.825
10832,314.204
10833,301.593
10834,275.991
10835,239.123
10836,218.287
10837,175.549
10838,143.364
10839,90.322
10840,86.405
10841,62.541
10842,95.564
10843,106.507
10844,119.649
10845,109.270
10846,113.942
10847,130.371
10848,137.740
10849,135.950
10850,136.529
10851,141.525
10852,140.853
10853,132.056
10854,94.918
10855,88.670
10856,78.269
10857,75.227
10858,109.116
10859,84.947
10860,91.449
10861,99.353
10862,107.515
10863,113.916
10864,107.840
10865,106.119
10866,112.021
10867,118.003
10868,121.413
10869,124.359
10870,129.270
10871,129.706
10872,128.487
10873,123.555
10874,115.576
10875,106.774
10876,102.150
10877,98.401
10878,61.951
10879,76.210
10880,79.395
10881,73.944
10882,77.627
10883,77.904
10884,80.462
10885,80.590
10886,79.880
10887,75.203
10888,65.222
10889,72.342
10890,72.410
10891,61.908
10892,68.757
10893,43.907
10894,35.697
10895,43.800
10896,32.528
10897,29.453
10898,35.357
10899,37.896
10900,42.703
10901,45.244
10902,38.972
10903,39.713
10904,42.269
10905,57.850
10906,72.547
10907,51.850
10908,66.520
10909,61.517
10910,78.404
10911,81.736
10912,77.950
10913,86.316
10914,96.778
10915,96.908
10916,81.246
10917,57.111
10918,64.230
10919,67.068
10920,52.325
10921,52.018
10922,54.691
10923,58.051
10924,58.978
10925,53.504
10926,38.647
10927,42.022
10928,48.313
10929,43.864
10930,32.446
10931,40.752
10932,30.091
10933,44.972
10934,37.151
10935,32.687
10936,36.543
10937,38.468
10938,45.808
10939,50.338
10940,60.411
10941,64.037
10942,76.057
10943,67.805
10944,62.337
10945,66.400
10946,65.395
10947,75.495
10948,70.350
10949,67.132
10950,74.973
10951,56.565
10952,38.226
10953,29.978
10954,38.668
10955,22.045
10956,22.042
10957,25.504
10958,26.830
10959,31.382
10960,32.491
10961,32.603
10962,34.656
10963,28.950
10964,22.098
10965,22.865
10966,22.810
10967,18.603
10968,17.531
10969,17.995
10970,21.841
10971,21.361
10972,23.292
10973,26.651
10974,35.790
10975,26.843
10976,38.126
10977,48.296
10978,64.952
10979,51.565
10980,49.567
10981,74.318
10982,78.778
10983,45.533
10984,48.816
10985,37.012
10986,23.698
10987,20.307
10988,18.407
10989,14.895
10990,16.520
10991,15.225
10992,16.857
10993,17.964
10994,17.544
10995,16.024
10996,16.444
10997,18.573
10998,19.477
10999,19.188
11000,19.457
11001,21.778
11002,21.935
11003,37.327
11004,43.454
11005,46.542
11006,52.442
11007,54.708
11008,69.945
11009,89.091
11010,116.747
11011,127.003
11012,176.760
11013,183.725
11014,225.886
11015,253.928
11016,259.348
11017,272.888
11018,258.400
11019,290.601
11020,304.759
11021,286.889
11022,311.539
11023,316.707
11024,365.366
11025,369.196
11026,359.789
11027,355.767
11028,366.181
11029,313.581
11030,246.967
11031,227.461
11032,203.535
11033,112.884
11034,69.246
11035,64.513
11036,50.384
11037,48.402
11038,46.633
11039,40.511
11040,37.210
11041,32.542
11042,34.165
11043,31.764
11044,33.511
11045,35.244
11046,33.856
11047,39.572
11048,25.948
11049,29.591
11050,39.971
11051,34.555
11052,35.501
11053,45.172
11054,42.435
11055,34.284
11056,48.037
11057,37.423
11058,44.721
11059,48.128
11060,62.445
11061,61.831
11062,69.493
11063,77.127
11064,58.440
11065,62.673
11066,85.445
11067,63.904
11068,97.776
11069,93.317
11070,108.106
11071,116.701
11072,157.597
11073,176.574
11074,186.704
11075,214.008
11076,196.967
11077,192.841
11078,197.961
11079,187.762
11080,191.670
11081,188.503
11082,192.733
11083,182.761
11084,190.064
11085,192.915
11086,177.860
11087,181.574
11088,183.404
11089,187.494
11090,186.886
11091,207.163
11092,209.846
11093,223.551
11094,197.494
11095,153.280
11096,140.182
11097,148.070
11098,148.886
11099,176.867
11100,188.149
11101,230.118
11102,251.045
11103,268.026
11104,284.329
11105,294.939
11106,292.886
11107,294.923
11108,296.397
11109,272.267
11110,257.397
11111,212.530
11112,205.433
11113,206.158
11114,230.503
11115,249.719
11116,284.230
11117,265.046
11118,267.755
11119,291.061
11120,292.387
11121,289.480
11122,301.464
11123,293.842
11124,288.950
11125,270.507
11126,260.897
11127,256.255
11128,297.731
11129,289.035
11130,338.452
11131,312.726
11132,316.397
11133,320.822
11134,332.256
11135,363.023
11136,376.872
11137,395.259
11138,371.050
11139,388.725
11140,383.740
11141,379.409
11142,342.916
11143,239.833
11144,314.276
11145,357.207
11146,269.668
11147,221.410
11148,226.123
11149,191.082
11150,190.800
11151,176.324
11152,203.913
11153,206.420
11154,223.149
11155,247.808
11156,255.070
11157,227.721
11158,217.210
11159,202.250
11160,194.264
11161,200.206
11162,211.064
11163,211.431
11164,206.691
11165,208.608
11166,211.368
11167,152.746
11168,148.403
11169,163.885
11170,195.424
11171,318.358
11172,257.003
11173,343.890
11174,489.860
11175,570.752
11176,581.234
11177,401.625
11178,399.353
11179,351.847
11180,310.036
11181,231.310
11182,264.468
11183,278.445
11184,240.733
11185,298.577
11186,256.180
11187,240.202
11188,229.187
11189,315.296
11190,340.966
11191,381.362
11192,404.804
11193,393.077
11194,421.479
11195,450.580
11196,434.942
11197,488.139
11198,290.589
11199,237.604
11200,239.450
11201,249.023
11202,285.576
11203,314.756
11204,377.264
11205,290.413
11206,356.293
11207,473.976
11208,456.943
11209,406.356
11210,407.005
11211,396.213
11212,307.758
11213,318.310
11214,270.168
11215,143.616
11216,153.733
11217,152.149
11218,128.684
11219,153.862
11220,195.157
11221,199.937
11222,219.528
11223,274.774
11224,249.451
11225,185.961
11226,202.180
11227,282.940
11228,310.696
11229,292.778
11230,277.032
11231,363.130
11232,282.743
11233,358.590
11234,375.070
11235,369.896
11236,341.205
11237,412.339
11238,376.884
11239,356.852
11240,462.625
11241,504.894
11242,433.696
11243,386.154
11244,304.549
11245,232.697
11246,203.217
11247,111.350
11248,110.002
11249,90.418
11250,95.402
11251,126.699
11252,157.512
11253,252.325
11254,328.778
11255,398.539
11256,410.896
11257,320.020
11258,186.244
11259,134.798
11260,252.995
11261,306.672
11262,254.253
11263,226.041
11264,252.696
11265,297.073
11266,265.816
11267,190.030
11268,348.440
11269,250.783
11270,128.728
11271,298.657
11272,87.562
11273,67.771
11274,67.266
11275,67.781
11276,71.020
11277,69.299
11278,70.670
11279,63.757
11280,63.616
11281,71.687
11282,78.160
11283,84.385
11284,137.926
11285,253.104
11286,258.230
11287,160.332
11288,401.279
11289,433.736
11290,580.128
11291,483.826
11292,501.162
11293,520.306
11294,499.440
11295,312.504
11296,299.482
11297,290.574
11298,357.049
11299,348.413
11300,289.497
11301,264.254
11302,238.686
11303,232.059
11304,233.246
11305,268.623
11306,360.907
11307,316.034
11308,373.540
11309,345.907
11310,371.894
11311,421.371
11312,422.962
11313,292.820
11314,342.511
11315,487.917
11316,473.619
11317,544.442
11318,514.490
11319,456.762
11320,101.506
11321,131.686
11322,87.649
11323,81.191
11324,95.256
11325,72.043
11326,154.829
11327,107.284
11328,198.318
11329,518.407
11330,622.580
11331,722.299
11332,594.146
11333,235.308
11334,258.166
11335,135.771
11336,262.047
11337,217.152
11338,102.484
11339,81.075
11340,91.430
11341,88.028
11342,55.875
11343,55.870
11344,55.859
11345,52.542
11346,67.140
11347,63.715
11348,78.876
11349,38.015
11350,42.162
11351,53.463
11352,63.229
11353,104.887
11354,310.441
11355,459.953
11356,493.100
11357,204.836
11358,502.343
11359,499.344
11360,269.550
11361,111.882
11362,300.905
11363,288.515
11364,173.861
11365,104.463
11366,38.005
11367,95.339
11368,65.201
11369,49.851
11370,49.533
11371,47.921
11372,72.037
11373,96.736
11374,219.531
11375,366.982
11376,251.084
11377,621.910
11378,495.925
11379,365.051
11380,552.887
11381,439.498
11382,329.930
11383,239.673
11384,212.254
11385,205.276
11386,229.060
11387,290.877
11388,236.485
11389,339.927
11390,557.734
11391,539.941
11392,445.060
11393,513.433
11394,584.897
11395,432.836
11396,467.208
11397,560.126
11398,540.182
11399,603.900
11400,844.007
11401,1121.929
11402,1149.979
11403,1192.388
11404,1230.056
11405,1220.530
11406,1037.456
11407,799.413
11408,564.656
11409,785.439
11410,724.449
11411,679.596
11412,887.931
11413,715.539
11414,745.473
11415,808.042
11416,878.729
11417,791.592
11418,1355.364
11419,708.437
11420,621.938
11421,1362.083
11422,688.585
11423,589.927
11424,814.821
11425,572.666
11426,433.520
11427,641.342
11428,511.681
11429,504.306
11430,508.602
11431,511.366
11432,548.408
11433,556.049
11434,582.082
11435,568.783
11436,605.718
11437,527.462
11438,627.834
11439,564.481
11440,475.822
11441,771.575
11442,541.461
11443,541.452
11444,559.292
11445,244.612
11446,435.991
11447,798.982
11448,560.434
11449,777.325
11450,860.271
11451,909.510
11452,806.153
11453,920.634
11454,844.497
11455,719.956
11456,713.401
11457,707.333
11458,703.292
11459,640.294
11460,553.310
11461,432.714
11462,474.162
11463,458.710
11464,462.478
11465,498.100
11466,551.313
11467,540.018
11468,605.091
11469,639.948
11470,614.122
11471,755.857
11472,728.617
11473,844.820
11474,718.536
11475,756.059
11476,672.759
11477,547.542
11478,698.167
11479,628.917
11480,466.012
11481,640.065
11482,515.650
11483,545.145
11484,603.218
11485,655.948
11486,513.584
11487,514.392
11488,510.691
11489,481.485
11490,545.175
11491,539.444
11492,189.012
11493,147.814
11494,136.154
11495,153.239
11496,140.642
11497,162.181
11498,178.380
11499,170.285
11500,131.550
11501,142.503
11502,191.949
11503,196.659
11504,327.149
11505,334.704
11506,418.753
11507,342.831
11508,368.964
11509,421.543
11510,594.736
11511,551.455
11512,754.726
11513,788.331
11514,604.232
11515,631.852
11516,598.493
11517,467.168
11518,396.086
11519,313.470
11520,341.450
11521,209.025
11522,282.245
11523,407.804
11524,244.813
11525,235.089
11526,203.865
11527,196.324
11528,223.584
11529,238.691
11530,303.247
11531,380.932
11532,472.405
11533,430.549
11534,357.452
11535,385.859
11536,334.622
11537,294.997
11538,300.278
11539,289.360
11540,307.733
11541,331.241
11542,302.035
11543,251.345
11544,223.685
11545,162.483
11546,164.108
11547,121.366
11548,103.391
11549,95.615
11550,95.596
11551,97.471
11552,82.840
11553,67.178
11554,54.252
11555,59.890
11556,58.843
11557,56.517
11558,71.637
11559,71.871
11560,68.098
11561,69.066
11562,78.100
11563,89.983
11564,114.999
11565,145.975
11566,193.162
11567,234.036
11568,278.633
11569,328.437
11570,437.683
11571,492.079
11572,515.042
11573,515.212
11574,628.682
11575,683.997
11576,742.890
11577,908.298
11578,911.152
11579,971.859
11580,1031.401
11581,684.082
11582,673.829
11583,616.080
11584,770.765
11585,397.632
11586,388.101
11587,888.579
11588,511.115
11589,300.235
11590,1089.768
11591,625.849
11592,876.031
11593,1080.760
11594,526.977
11595,757.911
11596,759.240
11597,750.175
11598,514.575
11599,410.207
11600,371.033
11601,108.555
11602,91.924
11603,287.117
11604,150.277
11605,128.015
11606,172.890
11607,190.018
11608,127.493
11609,159.110
11610,153.146
11611,176.117
11612,217.869
11613,267.392
11614,340.087
11615,424.306
11616,487.507
11617,416.067
11618,439.835
11619,392.961
11620,365.886
11621,478.451
11622,283.044
11623,434.653
11624,473.298
11625,336.803
11626,326.933
11627,392.791
11628,375.345
11629,440.891
11630,466.016
11631,432.301
11632,455.774
11633,446.441
11634,464.906
11635,461.921
11636,470.887
11637,479.175
11638,452.178
11639,499.335
11640,504.377
11641,478.633
11642,521.063
11643,560.479
11644,550.013
11645,599.312
11646,390.703
11647,276.325
11648,298.464
11649,305.911
11650,284.685
11651,318.087
11652,353.253
11653,442.210
11654,490.576
11655,588.172
11656,433.662
11657,557.642
11658,322.628
11659,245.289
11660,628.373
11661,353.879
11662,196.027
11663,362.915
11664,475.722
11665,441.629
11666,589.391
11667,623.424
11668,640.573
11669,473.225
11670,511.680
11671,547.751
11672,412.678
11673,445.396
11674,516.197
11675,351.061
11676,573.226
11677,544.225
11678,540.642
11679,527.097
11680,539.770
11681,577.189
11682,438.083
11683,497.410
11684,520.716
11685,370.023
11686,573.075
11687,507.100
11688,466.614
11689,444.160
11690,537.620
11691,509.263
11692,527.582
11693,508.995
11694,536.364
11695,393.180
11696,530.623
11697,429.587
11698,387.069
11699,481.135
11700,404.261
11701,384.885
11702,364.503
11703,439.850
11704,389.644
11705,456.395
11706,413.316
11707,336.402
11708,501.228
11709,220.845
11710,303.881
11711,234.393
11712,401.013
11713,384.603
11714,421.398
11715,452.186
11716,455.087
11717,548.631
11718,586.393
11719,562.974
11720,368.617
11721,379.857
11722,360.548
11723,574.668
11724,562.094
11725,691.718
11726,587.547
11727,661.327
11728,745.588
11729,844.685
